{"type":"FeatureCollection", "features": [
{"type":"Feature","geometry":{"type":"Polygon","coordinates":[[[-48.20561,-15.75034],[-48.2067,-15.75505],[-48.21269,-15.76323],[-48.21351,-15.76668],[-48.21609,-15.76886],[-48.2282,-15.77695],[-48.23098,-15.77796],[-48.23201,-15.77848],[-48.23237,-15.77992],[-48.23306,-15.78098],[-48.23229,-15.78365],[-48.23293,-15.78456],[-48.23658,-15.78488],[-48.23746,-15.78545],[-48.2379,-15.78661],[-48.23688,-15.78892],[-48.23773,-15.7912],[-48.23864,-15.79279],[-48.23993,-15.79389],[-48.24048,-15.79393],[-48.24056,-15.79276],[-48.24115,-15.79308],[-48.24104,-15.79599],[-48.24038,-15.79779],[-48.24045,-15.79843],[-48.24132,-15.79949],[-48.24228,-15.79949],[-48.24284,-15.7974],[-48.24398,-15.79731],[-48.24458,-15.79688],[-48.24536,-15.7977],[-48.24634,-15.79715],[-48.24672,-15.79768],[-48.24593,-15.79934],[-48.24648,-15.80028],[-48.24711,-15.80015],[-48.24673,-15.79941],[-48.24749,-15.79866],[-48.24881,-15.79872],[-48.24907,-15.79965],[-48.24806,-15.80072],[-48.24859,-15.80242],[-48.24942,-15.80176],[-48.24877,-15.80139],[-48.24913,-15.80069],[-48.24985,-15.8011],[-48.25032,-15.80211],[-48.25148,-15.80198],[-48.2525,-15.8022],[-48.25362,-15.80188],[-48.25505,-15.80208],[-48.25667,-15.80177],[-48.25753,-15.80303],[-48.2591,-15.80289],[-48.25888,-15.8041],[-48.25964,-15.80396],[-48.26117,-15.80556],[-48.26123,-15.80649],[-48.26208,-15.80642],[-48.26222,-15.80587],[-48.26331,-15.80684],[-48.26412,-15.80666],[-48.2645,-15.80863],[-48.26518,-15.8087],[-48.26612,-15.80733],[-48.26684,-15.80735],[-48.26625,-15.80863],[-48.26688,-15.80931],[-48.26706,-15.80823],[-48.26791,-15.80849],[-48.26823,-15.80987],[-48.26782,-15.81189],[-48.26823,-15.81292],[-48.26997,-15.81198],[-48.26979,-15.81336],[-48.27101,-15.81279],[-48.27134,-15.81472],[-48.27176,-15.81541],[-48.27416,-15.81681],[-48.27499,-15.81689],[-48.27549,-15.81766],[-48.27646,-15.8182],[-48.27646,-15.81928],[-48.2787,-15.82234],[-48.28043,-15.8235],[-48.28084,-15.82522],[-48.28053,-15.8257],[-48.28159,-15.82714],[-48.28087,-15.82797],[-48.28134,-15.82872],[-48.28184,-15.83158],[-48.28251,-15.83336],[-48.28385,-15.83461],[-48.28512,-15.83688],[-48.28464,-15.83784],[-48.28517,-15.8399],[-48.28492,-15.84064],[-48.28374,-15.84138],[-48.28327,-15.84211],[-48.28437,-15.84271],[-48.28535,-15.84287],[-48.28589,-15.84443],[-48.28498,-15.84482],[-48.28517,-15.84657],[-48.28443,-15.84682],[-48.284,-15.84862],[-48.28405,-15.84988],[-48.28307,-15.85071],[-48.28242,-15.8529],[-48.28274,-15.85362],[-48.28416,-15.8532],[-48.28406,-15.8542],[-48.28242,-15.85468],[-48.28273,-15.85539],[-48.28354,-15.85599],[-48.28215,-15.85573],[-48.28143,-15.85743],[-48.28076,-15.85673],[-48.28029,-15.85788],[-48.28052,-15.85842],[-48.28154,-15.85849],[-48.28071,-15.86133],[-48.27998,-15.86132],[-48.28029,-15.86047],[-48.27932,-15.86002],[-48.27895,-15.86186],[-48.28008,-15.86254],[-48.27912,-15.86333],[-48.27922,-15.8647],[-48.28043,-15.8659],[-48.2805,-15.86688],[-48.27913,-15.86727],[-48.28011,-15.8683],[-48.28037,-15.86907],[-48.27814,-15.86856],[-48.27663,-15.86931],[-48.27592,-15.87048],[-48.27731,-15.87163],[-48.2784,-15.87188],[-48.27763,-15.87258],[-48.277,-15.87591],[-48.27512,-15.87626],[-48.27491,-15.87678],[-48.27569,-15.8779],[-48.2756,-15.88032],[-48.2751,-15.88077],[-48.27492,-15.87882],[-48.27397,-15.87906],[-48.27335,-15.88209],[-48.27205,-15.8828],[-48.27167,-15.8841],[-48.27241,-15.88547],[-48.27308,-15.88591],[-48.27325,-15.88717],[-48.27387,-15.88775],[-48.27368,-15.88842],[-48.27405,-15.88928],[-48.27381,-15.89034],[-48.27478,-15.89034],[-48.27534,-15.89074],[-48.27573,-15.8919],[-48.27644,-15.89252],[-48.27568,-15.89346],[-48.27359,-15.89422],[-48.27287,-15.89558],[-48.27412,-15.89534],[-48.27554,-15.8957],[-48.27541,-15.89623],[-48.27605,-15.89692],[-48.27587,-15.89736],[-48.27424,-15.8976],[-48.2738,-15.89865],[-48.2739,-15.89945],[-48.27469,-15.90002],[-48.27571,-15.89919],[-48.27674,-15.90012],[-48.27584,-15.90165],[-48.2762,-15.90307],[-48.27455,-15.903],[-48.27418,-15.90331],[-48.2744,-15.90452],[-48.27508,-15.90558],[-48.27637,-15.90605],[-48.27725,-15.90741],[-48.27625,-15.90712],[-48.27481,-15.90776],[-48.27486,-15.90883],[-48.27427,-15.9097],[-48.27168,-15.91086],[-48.27019,-15.91043],[-48.26965,-15.91141],[-48.27043,-15.91197],[-48.26933,-15.91312],[-48.27007,-15.91362],[-48.27068,-15.91614],[-48.27046,-15.91673],[-48.26955,-15.91691],[-48.27027,-15.9177],[-48.27088,-15.91745],[-48.27083,-15.91871],[-48.27003,-15.91945],[-48.27084,-15.92003],[-48.27181,-15.92024],[-48.27286,-15.91988],[-48.27307,-15.92029],[-48.27165,-15.92112],[-48.27218,-15.92224],[-48.27284,-15.92173],[-48.27305,-15.92229],[-48.2742,-15.92245],[-48.27459,-15.92291],[-48.27519,-15.92192],[-48.27613,-15.92256],[-48.27542,-15.92288],[-48.27543,-15.92348],[-48.27676,-15.92383],[-48.27677,-15.9243],[-48.27538,-15.92431],[-48.27706,-15.92657],[-48.27522,-15.92714],[-48.2747,-15.9276],[-48.27486,-15.92886],[-48.27559,-15.93044],[-48.27638,-15.93113],[-48.27579,-15.93158],[-48.27389,-15.9311],[-48.27127,-15.932],[-48.27027,-15.93165],[-48.26894,-15.93212],[-48.2682,-15.93315],[-48.26528,-15.9317],[-48.265,-15.9314],[-48.26425,-15.92923],[-48.26424,-15.92847],[-48.26222,-15.92846],[-48.26149,-15.92793],[-48.26069,-15.92805],[-48.26126,-15.92876],[-48.26051,-15.92934],[-48.25919,-15.92922],[-48.25934,-15.92782],[-48.25892,-15.92745],[-48.25875,-15.92558],[-48.25833,-15.92495],[-48.25914,-15.92485],[-48.25847,-15.92344],[-48.25955,-15.92179],[-48.2592,-15.92072],[-48.25832,-15.92011],[-48.25791,-15.91911],[-48.25825,-15.91833],[-48.2577,-15.91791],[-48.25618,-15.91773],[-48.25631,-15.91712],[-48.25557,-15.91729],[-48.25412,-15.91709],[-48.2542,-15.91621],[-48.25509,-15.91618],[-48.25518,-15.91555],[-48.25436,-15.91511],[-48.25502,-15.91387],[-48.2548,-15.9134],[-48.25551,-15.91253],[-48.25494,-15.91156],[-48.25408,-15.91092],[-48.25331,-15.91161],[-48.25248,-15.91058],[-48.25277,-15.91002],[-48.25159,-15.90901],[-48.25049,-15.90861],[-48.24927,-15.90878],[-48.24867,-15.90854],[-48.2481,-15.90945],[-48.24741,-15.90873],[-48.24686,-15.9093],[-48.24678,-15.90803],[-48.2472,-15.90717],[-48.24659,-15.90748],[-48.24429,-15.90633],[-48.24313,-15.90505],[-48.24243,-15.90466],[-48.24158,-15.90487],[-48.24061,-15.90447],[-48.24004,-15.90354],[-48.24035,-15.90294],[-48.23848,-15.90382],[-48.23679,-15.90363],[-48.23585,-15.90284],[-48.23686,-15.90157],[-48.23699,-15.90095],[-48.23642,-15.9001],[-48.23721,-15.89936],[-48.23625,-15.8993],[-48.2358,-15.89989],[-48.23505,-15.89898],[-48.23478,-15.90042],[-48.23191,-15.90068],[-48.23171,-15.90154],[-48.23068,-15.90054],[-48.23025,-15.90076],[-48.23067,-15.90147],[-48.22847,-15.90182],[-48.22798,-15.90105],[-48.22869,-15.9008],[-48.2288,-15.90018],[-48.22735,-15.9004],[-48.22648,-15.89986],[-48.22638,-15.90102],[-48.22468,-15.90122],[-48.22407,-15.90075],[-48.22483,-15.90224],[-48.22408,-15.90253],[-48.22335,-15.90206],[-48.22315,-15.90072],[-48.22225,-15.90041],[-48.22086,-15.90104],[-48.22007,-15.89969],[-48.22048,-15.89891],[-48.21981,-15.89781],[-48.21847,-15.89902],[-48.21809,-15.89752],[-48.21502,-15.89725],[-48.21433,-15.89771],[-48.21394,-15.89727],[-48.21308,-15.89761],[-48.21251,-15.89715],[-48.21264,-15.89649],[-48.21208,-15.89561],[-48.21063,-15.89624],[-48.21099,-15.89664],[-48.21037,-15.89702],[-48.20933,-15.89567],[-48.20854,-15.89574],[-48.20774,-15.89462],[-48.20831,-15.89316],[-48.20807,-15.89293],[-48.20675,-15.89372],[-48.20581,-15.89258],[-48.20591,-15.89147],[-48.20464,-15.89136],[-48.20384,-15.8921],[-48.2037,-15.89158],[-48.20219,-15.89138],[-48.20243,-15.89051],[-48.20214,-15.88959],[-48.2006,-15.88855],[-48.20023,-15.88779],[-48.20071,-15.88719],[-48.20066,-15.88538],[-48.20006,-15.88504],[-48.20027,-15.88435],[-48.19881,-15.88281],[-48.19786,-15.88321],[-48.19784,-15.88077],[-48.19697,-15.88019],[-48.19693,-15.87953],[-48.19605,-15.87911],[-48.19664,-15.87874],[-48.19613,-15.8775],[-48.19484,-15.87634],[-48.19438,-15.87559],[-48.19488,-15.87522],[-48.19313,-15.87397],[-48.19319,-15.87316],[-48.19259,-15.87322],[-48.19179,-15.87232],[-48.19266,-15.87187],[-48.1921,-15.87133],[-48.1908,-15.87157],[-48.19032,-15.87106],[-48.18964,-15.87114],[-48.18873,-15.86933],[-48.1876,-15.86905],[-48.18714,-15.86849],[-48.18468,-15.86646],[-48.18346,-15.86437],[-48.18388,-15.86409],[-48.18323,-15.86331],[-48.18302,-15.86172],[-48.18199,-15.86054],[-48.17945,-15.86166],[-48.17795,-15.86211],[-48.17766,-15.8614],[-48.17823,-15.86077],[-48.17683,-15.85725],[-48.17578,-15.85751],[-48.17536,-15.85707],[-48.17549,-15.85643],[-48.1764,-15.8559],[-48.17635,-15.85398],[-48.1768,-15.85354],[-48.17714,-15.8519],[-48.17676,-15.85149],[-48.17778,-15.84953],[-48.17802,-15.84806],[-48.17874,-15.84737],[-48.18036,-15.84669],[-48.18023,-15.84615],[-48.18216,-15.84566],[-48.18272,-15.84512],[-48.18316,-15.84573],[-48.18434,-15.84436],[-48.18523,-15.84499],[-48.18622,-15.84414],[-48.18649,-15.84333],[-48.18607,-15.84236],[-48.18629,-15.8412],[-48.18801,-15.83895],[-48.18881,-15.83835],[-48.18921,-15.83727],[-48.18993,-15.83653],[-48.19015,-15.83563],[-48.18907,-15.83482],[-48.18907,-15.83369],[-48.1886,-15.83333],[-48.18871,-15.83209],[-48.18798,-15.83149],[-48.18805,-15.8306],[-48.18698,-15.82898],[-48.18667,-15.82767],[-48.18583,-15.82622],[-48.18499,-15.82555],[-48.18469,-15.82474],[-48.18386,-15.82407],[-48.1841,-15.8235],[-48.18338,-15.82316],[-48.18322,-15.82205],[-48.184,-15.82114],[-48.1845,-15.82135],[-48.18433,-15.82042],[-48.18517,-15.81792],[-48.1862,-15.81683],[-48.18618,-15.81628],[-48.1871,-15.81518],[-48.18798,-15.81471],[-48.18895,-15.81481],[-48.19004,-15.81353],[-48.19085,-15.81198],[-48.19118,-15.80951],[-48.19086,-15.80731],[-48.19008,-15.80687],[-48.18848,-15.80158],[-48.18836,-15.79955],[-48.18885,-15.79901],[-48.18856,-15.79801],[-48.18516,-15.79902],[-48.18253,-15.79918],[-48.18144,-15.799],[-48.17276,-15.79646],[-48.16394,-15.79396],[-48.15915,-15.8095],[-48.15801,-15.81024],[-48.1559,-15.80963],[-48.15546,-15.81041],[-48.15449,-15.80948],[-48.15148,-15.80853],[-48.15052,-15.80847],[-48.14786,-15.80888],[-48.1461,-15.80844],[-48.1459,-15.80911],[-48.14325,-15.80937],[-48.14077,-15.81024],[-48.1368,-15.80908],[-48.1364,-15.81067],[-48.13472,-15.81502],[-48.1333,-15.81452],[-48.13267,-15.81615],[-48.13161,-15.81578],[-48.13081,-15.81788],[-48.13184,-15.81825],[-48.13125,-15.81969],[-48.1287,-15.81879],[-48.12671,-15.824],[-48.12562,-15.82391],[-48.12417,-15.82605],[-48.12377,-15.82836],[-48.12113,-15.82639],[-48.11925,-15.82889],[-48.11799,-15.8284],[-48.11512,-15.83216],[-48.1164,-15.83424],[-48.12263,-15.8387],[-48.12389,-15.83704],[-48.12422,-15.83697],[-48.1284,-15.83982],[-48.13029,-15.84126],[-48.13042,-15.84262],[-48.1281,-15.84551],[-48.12049,-15.85547],[-48.11341,-15.85042],[-48.11084,-15.85381],[-48.1113,-15.85415],[-48.11043,-15.85574],[-48.1093,-15.8572],[-48.10887,-15.85735],[-48.1079,-15.85907],[-48.10782,-15.85916],[-48.10754,-15.85931],[-48.10738,-15.85943],[-48.10735,-15.85945],[-48.10727,-15.85932],[-48.107,-15.85876],[-48.10583,-15.85801],[-48.10549,-15.85731],[-48.10367,-15.857],[-48.10258,-15.85729],[-48.10209,-15.85654],[-48.10062,-15.8564],[-48.09934,-15.85523],[-48.09816,-15.8553],[-48.09596,-15.85405],[-48.09391,-15.85369],[-48.09301,-15.85319],[-48.0919,-15.8534],[-48.0908,-15.85263],[-48.08892,-15.85231],[-48.08766,-15.85124],[-48.08998,-15.84684],[-48.0907,-15.84592],[-48.09091,-15.84446],[-48.09068,-15.84148],[-48.09189,-15.84189],[-48.0933,-15.83773],[-48.09146,-15.83703],[-48.08787,-15.83587],[-48.09189,-15.82533],[-48.09331,-15.82182],[-48.09247,-15.82151],[-48.09319,-15.8196],[-48.09313,-15.81912],[-48.09402,-15.8168],[-48.09466,-15.81579],[-48.09667,-15.8117],[-48.10145,-15.80531],[-48.10173,-15.80537],[-48.10674,-15.79994],[-48.1076,-15.79884],[-48.1086,-15.79955],[-48.11242,-15.79452],[-48.11102,-15.79401],[-48.10825,-15.79013],[-48.10726,-15.7905],[-48.10706,-15.78981],[-48.10591,-15.7891],[-48.10427,-15.78704],[-48.10331,-15.78649],[-48.10294,-15.78585],[-48.1031,-15.78506],[-48.10291,-15.78331],[-48.10359,-15.78099],[-48.10265,-15.78041],[-48.1025,-15.77842],[-48.10414,-15.77526],[-48.10508,-15.77529],[-48.10543,-15.77452],[-48.10526,-15.77371],[-48.10615,-15.77298],[-48.10638,-15.77228],[-48.10772,-15.77175],[-48.10881,-15.77195],[-48.11007,-15.77156],[-48.11045,-15.77108],[-48.11133,-15.77118],[-48.11192,-15.77044],[-48.1142,-15.77147],[-48.11659,-15.77101],[-48.11699,-15.77117],[-48.11882,-15.77073],[-48.12025,-15.77107],[-48.12105,-15.77001],[-48.1234,-15.7696],[-48.12364,-15.76995],[-48.12488,-15.76982],[-48.12566,-15.76881],[-48.12683,-15.76984],[-48.12814,-15.76954],[-48.13016,-15.77101],[-48.13154,-15.77141],[-48.13235,-15.77051],[-48.132,-15.76968],[-48.13367,-15.76978],[-48.13426,-15.76932],[-48.13465,-15.76795],[-48.13559,-15.76783],[-48.13591,-15.7682],[-48.13754,-15.7677],[-48.13823,-15.76817],[-48.14178,-15.76767],[-48.14279,-15.76827],[-48.14382,-15.76806],[-48.14527,-15.76882],[-48.14716,-15.76861],[-48.14837,-15.76901],[-48.14974,-15.7687],[-48.15092,-15.76801],[-48.15165,-15.76814],[-48.15342,-15.76779],[-48.15452,-15.76778],[-48.15652,-15.76729],[-48.15712,-15.7675],[-48.15834,-15.76702],[-48.158,-15.76634],[-48.15842,-15.76533],[-48.15762,-15.76419],[-48.15889,-15.76367],[-48.15922,-15.76301],[-48.15901,-15.76215],[-48.15953,-15.76219],[-48.15983,-15.76072],[-48.16114,-15.75964],[-48.16126,-15.75911],[-48.16298,-15.75756],[-48.16343,-15.7568],[-48.16469,-15.75639],[-48.1654,-15.75547],[-48.16595,-15.75549],[-48.16673,-15.75472],[-48.16736,-15.75328],[-48.16987,-15.75241],[-48.17087,-15.75153],[-48.17244,-15.75065],[-48.17403,-15.75103],[-48.17388,-15.75185],[-48.17426,-15.7526],[-48.17511,-15.75274],[-48.17591,-15.75182],[-48.17764,-15.75067],[-48.182,-15.748],[-48.18531,-15.74645],[-48.18639,-15.74623],[-48.1888,-15.74666],[-48.18951,-15.74722],[-48.19327,-15.74859],[-48.19675,-15.74944],[-48.20344,-15.75038],[-48.20561,-15.75034]]]},"properties":{"ra_nome":"CEILÂNDIA"}},
{"type":"Feature","geometry":{"type":"Polygon","coordinates":[[[-48.17536,-15.85707],[-48.17532,-15.857],[-48.17459,-15.85587],[-48.17369,-15.85543],[-48.17191,-15.85543],[-48.17149,-15.85479],[-48.17015,-15.85413],[-48.16898,-15.85398],[-48.16901,-15.85331],[-48.16786,-15.85264],[-48.16693,-15.85329],[-48.16447,-15.85289],[-48.16425,-15.852],[-48.1637,-15.8517],[-48.16258,-15.85273],[-48.16148,-15.85248],[-48.161,-15.85326],[-48.16031,-15.85328],[-48.15947,-15.85429],[-48.15852,-15.85488],[-48.15577,-15.85456],[-48.1536,-15.85508],[-48.15295,-15.85431],[-48.15096,-15.85416],[-48.14994,-15.85491],[-48.15003,-15.85567],[-48.14793,-15.85612],[-48.14743,-15.85702],[-48.14602,-15.85706],[-48.14524,-15.85862],[-48.14433,-15.85857],[-48.14355,-15.8592],[-48.14333,-15.86025],[-48.14238,-15.861],[-48.14051,-15.86163],[-48.139,-15.86254],[-48.13758,-15.86291],[-48.13726,-15.86358],[-48.13576,-15.86381],[-48.13537,-15.86432],[-48.13376,-15.86409],[-48.1327,-15.86305],[-48.13186,-15.86343],[-48.13105,-15.86454],[-48.13032,-15.86403],[-48.12913,-15.86461],[-48.12808,-15.86547],[-48.127,-15.86558],[-48.1252,-15.86679],[-48.12464,-15.86748],[-48.12358,-15.86653],[-48.12236,-15.86612],[-48.12132,-15.86543],[-48.12005,-15.86696],[-48.11875,-15.86728],[-48.11769,-15.86689],[-48.11686,-15.86763],[-48.11571,-15.86735],[-48.11392,-15.86775],[-48.11282,-15.86759],[-48.11085,-15.86671],[-48.1095,-15.86367],[-48.10984,-15.86226],[-48.10797,-15.85999],[-48.10736,-15.85946],[-48.10735,-15.85945],[-48.10738,-15.85943],[-48.10754,-15.85931],[-48.10782,-15.85916],[-48.1079,-15.85907],[-48.10887,-15.85735],[-48.1093,-15.8572],[-48.11043,-15.85574],[-48.1113,-15.85415],[-48.11084,-15.85381],[-48.11341,-15.85042],[-48.12049,-15.85547],[-48.1281,-15.84551],[-48.13042,-15.84262],[-48.13029,-15.84126],[-48.1284,-15.83982],[-48.12422,-15.83697],[-48.12389,-15.83704],[-48.12263,-15.8387],[-48.1164,-15.83424],[-48.11512,-15.83216],[-48.11799,-15.8284],[-48.11925,-15.82889],[-48.12113,-15.82639],[-48.12377,-15.82836],[-48.12417,-15.82605],[-48.12562,-15.82391],[-48.12671,-15.824],[-48.1287,-15.81879],[-48.13125,-15.81969],[-48.13184,-15.81825],[-48.13081,-15.81788],[-48.13161,-15.81578],[-48.13267,-15.81615],[-48.1333,-15.81452],[-48.13472,-15.81502],[-48.1364,-15.81067],[-48.1368,-15.80908],[-48.14077,-15.81024],[-48.14325,-15.80937],[-48.1459,-15.80911],[-48.1461,-15.80844],[-48.14786,-15.80888],[-48.15052,-15.80847],[-48.15148,-15.80853],[-48.15449,-15.80948],[-48.15546,-15.81041],[-48.1559,-15.80963],[-48.15801,-15.81024],[-48.15915,-15.8095],[-48.16394,-15.79396],[-48.17276,-15.79646],[-48.18144,-15.799],[-48.18253,-15.79918],[-48.18516,-15.79902],[-48.18856,-15.79801],[-48.18885,-15.79901],[-48.18836,-15.79955],[-48.18848,-15.80158],[-48.19008,-15.80687],[-48.19086,-15.80731],[-48.19118,-15.80951],[-48.19085,-15.81198],[-48.19004,-15.81353],[-48.18895,-15.81481],[-48.18798,-15.81471],[-48.1871,-15.81518],[-48.18618,-15.81628],[-48.1862,-15.81683],[-48.18517,-15.81792],[-48.18433,-15.82042],[-48.1845,-15.82135],[-48.184,-15.82114],[-48.18322,-15.82205],[-48.18338,-15.82316],[-48.1841,-15.8235],[-48.18386,-15.82407],[-48.18469,-15.82474],[-48.18499,-15.82555],[-48.18583,-15.82622],[-48.18667,-15.82767],[-48.18698,-15.82898],[-48.18805,-15.8306],[-48.18798,-15.83149],[-48.18871,-15.83209],[-48.1886,-15.83333],[-48.18907,-15.83369],[-48.18907,-15.83482],[-48.19015,-15.83563],[-48.18993,-15.83653],[-48.18921,-15.83727],[-48.18881,-15.83835],[-48.18801,-15.83895],[-48.18629,-15.8412],[-48.18607,-15.84236],[-48.18649,-15.84333],[-48.18622,-15.84414],[-48.18523,-15.84499],[-48.18434,-15.84436],[-48.18316,-15.84573],[-48.18272,-15.84512],[-48.18216,-15.84566],[-48.18023,-15.84615],[-48.18036,-15.84669],[-48.17874,-15.84737],[-48.17802,-15.84806],[-48.17778,-15.84953],[-48.17676,-15.85149],[-48.17714,-15.8519],[-48.1768,-15.85354],[-48.17635,-15.85398],[-48.1764,-15.8559],[-48.17549,-15.85643],[-48.17536,-15.85707]]]},"properties":{"ra_nome":"SOL NASCENTE E POR DO SOL"}},
{"type":"Feature","geometry":{"type":"Polygon","coordinates":[[[-47.93851,-15.77727],[-47.93704,-15.773],[-47.93627,-15.77125],[-47.93404,-15.76756],[-47.91701,-15.74019],[-47.91733,-15.74001],[-47.9195,-15.73997],[-47.92116,-15.74262],[-47.92112,-15.74418],[-47.92794,-15.74023],[-47.94234,-15.74791],[-47.949,-15.74775],[-47.96332,-15.74886],[-47.96957,-15.75262],[-47.97275,-15.75584],[-47.97609,-15.76322],[-47.9763,-15.76419],[-47.97583,-15.76604],[-47.97564,-15.77201],[-47.97123,-15.77664],[-47.97734,-15.78209],[-47.97645,-15.78253],[-47.96609,-15.7938],[-47.9661,-15.7943],[-47.96796,-15.79451],[-47.97019,-15.79553],[-47.97196,-15.79486],[-47.97826,-15.7914],[-47.98187,-15.78974],[-47.98643,-15.78813],[-47.98976,-15.78727],[-47.99088,-15.79567],[-47.99123,-15.79952],[-47.99211,-15.80608],[-47.9913,-15.80618],[-47.9907,-15.80465],[-47.98851,-15.80373],[-47.98645,-15.80199],[-47.98554,-15.80141],[-47.98203,-15.79963],[-47.98136,-15.80093],[-47.98034,-15.80112],[-47.97961,-15.80254],[-47.97183,-15.80375],[-47.97182,-15.80471],[-47.97029,-15.80494],[-47.9707,-15.80755],[-47.9705,-15.80807],[-47.96892,-15.80736],[-47.96682,-15.80736],[-47.95207,-15.80957],[-47.9484,-15.81015],[-47.94786,-15.80631],[-47.94736,-15.80377],[-47.94618,-15.80015],[-47.94117,-15.78513],[-47.93851,-15.77727]]]},"properties":{"ra_nome":"SIA"}},
{"type":"Feature","geometry":{"type":"Polygon","coordinates":[[[-47.93232,-15.85129],[-47.93172,-15.8485],[-47.93148,-15.8451],[-47.94011,-15.84456],[-47.94136,-15.84434],[-47.94646,-15.84267],[-47.9533,-15.84058],[-47.95455,-15.84839],[-47.95874,-15.87455],[-47.95729,-15.87458],[-47.95627,-15.87429],[-47.95177,-15.87179],[-47.93608,-15.86172],[-47.93499,-15.86106],[-47.93232,-15.85129]]]},"properties":{"ra_nome":"CANDANGOLÂNDIA"}},
{"type":"Feature","geometry":{"type":"Polygon","coordinates":[[[-48.03837,-15.8744],[-48.04237,-15.87382],[-48.04385,-15.87383],[-48.04563,-15.87428],[-48.04745,-15.87539],[-48.0547,-15.88021],[-48.05666,-15.88122],[-48.06034,-15.88245],[-48.05413,-15.90166],[-48.04305,-15.93634],[-48.04169,-15.93974],[-48.0402,-15.94256],[-48.03822,-15.94543],[-48.03714,-15.94676],[-48.02259,-15.96387],[-48.02072,-15.96614],[-48.00007,-15.94758],[-48.00185,-15.94574],[-48.0008,-15.94339],[-47.99841,-15.94126],[-47.99708,-15.93962],[-47.99661,-15.93804],[-47.9938,-15.93639],[-47.99317,-15.93537],[-47.99129,-15.93376],[-47.9891,-15.93274],[-47.98674,-15.93074],[-47.98571,-15.93024],[-47.98349,-15.92809],[-47.98382,-15.92635],[-47.9836,-15.92502],[-47.9853,-15.92496],[-47.98683,-15.92401],[-47.9882,-15.92353],[-47.98941,-15.92241],[-47.99238,-15.92119],[-47.99372,-15.92026],[-47.99475,-15.92013],[-47.99731,-15.92055],[-47.99963,-15.92166],[-48.00089,-15.92062],[-47.99967,-15.91835],[-48.00085,-15.91733],[-48.00048,-15.91633],[-48.00272,-15.91313],[-48.00263,-15.91159],[-48.00419,-15.90957],[-48.00561,-15.90891],[-48.0073,-15.90887],[-48.00926,-15.90736],[-48.00966,-15.90628],[-48.01158,-15.90606],[-48.01426,-15.90435],[-48.01448,-15.90388],[-48.0164,-15.90215],[-48.01754,-15.90177],[-48.01825,-15.90022],[-48.0189,-15.90012],[-48.02054,-15.89833],[-48.02099,-15.89866],[-48.02144,-15.8974],[-48.02226,-15.89786],[-48.02366,-15.89535],[-48.02506,-15.89426],[-48.0251,-15.89368],[-48.02584,-15.89251],[-48.02682,-15.89172],[-48.02697,-15.89112],[-48.02782,-15.89033],[-48.02891,-15.89022],[-48.03027,-15.8897],[-48.03092,-15.88906],[-48.0324,-15.8883],[-48.03261,-15.88788],[-48.03423,-15.88772],[-48.035,-15.88611],[-48.03474,-15.88572],[-48.03574,-15.88523],[-48.03859,-15.88306],[-48.03928,-15.88304],[-48.04002,-15.88223],[-48.03947,-15.88033],[-48.03985,-15.87696],[-48.03837,-15.8744]]]},"properties":{"ra_nome":"RIACHO FUNDO II"}},
{"type":"Feature","geometry":{"type":"MultiPolygon","coordinates":[[[[-47.95874,-15.87455],[-47.9591,-15.87675],[-47.96197,-15.87633],[-47.9623,-15.87847],[-47.96394,-15.87893],[-47.96395,-15.88061],[-47.96865,-15.88062],[-47.96887,-15.87939],[-47.97079,-15.87938],[-47.97076,-15.8829],[-47.9645,-15.88295],[-47.96335,-15.88283],[-47.96104,-15.88226],[-47.96102,-15.88375],[-47.96226,-15.88367],[-47.97477,-15.88361],[-47.97652,-15.88318],[-47.97782,-15.88227],[-47.97902,-15.88053],[-47.98105,-15.88098],[-47.98108,-15.88125],[-47.98307,-15.88225],[-47.98392,-15.88179],[-47.98495,-15.88275],[-47.98667,-15.88347],[-47.9879,-15.88432],[-47.9886,-15.88574],[-47.9889,-15.88713],[-47.98841,-15.88906],[-47.98906,-15.88971],[-47.98896,-15.89092],[-47.98858,-15.89137],[-47.98922,-15.89188],[-47.98873,-15.8923],[-47.98922,-15.89385],[-47.98877,-15.89623],[-47.98768,-15.89816],[-47.98768,-15.89891],[-47.98718,-15.8993],[-47.9879,-15.89964],[-47.98795,-15.90105],[-47.98759,-15.90094],[-47.98763,-15.9028],[-47.98569,-15.90501],[-47.98623,-15.90699],[-47.98445,-15.90985],[-47.98382,-15.91213],[-47.98396,-15.91387],[-47.98316,-15.91551],[-47.98195,-15.91704],[-47.98181,-15.91909],[-47.98189,-15.92079],[-47.98169,-15.92161],[-47.98226,-15.92304],[-47.9835,-15.92441],[-47.9836,-15.92502],[-47.98382,-15.92635],[-47.98349,-15.92809],[-47.98571,-15.93024],[-47.98674,-15.93074],[-47.9891,-15.93274],[-47.99129,-15.93376],[-47.99317,-15.93537],[-47.9938,-15.93639],[-47.99661,-15.93804],[-47.99708,-15.93962],[-47.99841,-15.94126],[-48.0008,-15.94339],[-48.00185,-15.94574],[-48.00007,-15.94758],[-48.02072,-15.96614],[-48.01597,-15.97154],[-48.0131,-15.97407],[-48.01024,-15.97583],[-48.00809,-15.97682],[-48.00453,-15.97783],[-48.00081,-15.97825],[-47.99868,-15.9782],[-47.99662,-15.97796],[-47.99083,-15.97683],[-47.98872,-15.97659],[-47.97926,-15.97478],[-47.97633,-15.97446],[-47.97334,-15.97446],[-47.97047,-15.97473],[-47.96686,-15.97549],[-47.95839,-15.97841],[-47.9485,-15.9819],[-47.94548,-15.9829],[-47.94114,-15.98377],[-47.93811,-15.98398],[-47.93446,-15.9838],[-47.93134,-15.98328],[-47.92796,-15.98231],[-47.92005,-15.97944],[-47.89239,-15.96934],[-47.88747,-15.96754],[-47.88739,-15.96084],[-47.8877,-15.959],[-47.88726,-15.95782],[-47.88808,-15.95583],[-47.88881,-15.95315],[-47.88974,-15.95157],[-47.89076,-15.95091],[-47.89215,-15.94889],[-47.89301,-15.94875],[-47.89399,-15.94752],[-47.89578,-15.94641],[-47.89598,-15.94552],[-47.89673,-15.94441],[-47.89631,-15.94243],[-47.8973,-15.94088],[-47.89808,-15.93866],[-47.89812,-15.93721],[-47.89874,-15.93523],[-47.89967,-15.9342],[-47.90046,-15.93407],[-47.90065,-15.93331],[-47.90169,-15.93242],[-47.90271,-15.93083],[-47.90274,-15.93024],[-47.90419,-15.9283],[-47.9045,-15.9269],[-47.90558,-15.92552],[-47.90633,-15.92381],[-47.90629,-15.92301],[-47.90691,-15.92178],[-47.90658,-15.91907],[-47.9067,-15.91851],[-47.90587,-15.91663],[-47.90607,-15.91549],[-47.90676,-15.91529],[-47.9079,-15.91305],[-47.9078,-15.91248],[-47.90914,-15.91074],[-47.90922,-15.90991],[-47.91112,-15.90952],[-47.91189,-15.90965],[-47.91333,-15.90837],[-47.91228,-15.90739],[-47.91197,-15.90637],[-47.91109,-15.90492],[-47.91083,-15.90232],[-47.91084,-15.901],[-47.91009,-15.89893],[-47.90836,-15.89691],[-47.90879,-15.89597],[-47.90737,-15.89468],[-47.90737,-15.89396],[-47.90634,-15.89259],[-47.90663,-15.89185],[-47.90588,-15.89145],[-47.90542,-15.89065],[-47.90612,-15.8894],[-47.90628,-15.88599],[-47.90649,-15.88526],[-47.9058,-15.88465],[-47.90565,-15.88333],[-47.90604,-15.88266],[-47.90609,-15.88134],[-47.90753,-15.88127],[-47.90951,-15.8817],[-47.90984,-15.88219],[-47.91186,-15.88241],[-47.91367,-15.88289],[-47.91515,-15.88304],[-47.9162,-15.88343],[-47.91791,-15.88355],[-47.91942,-15.88339],[-47.92055,-15.88411],[-47.92378,-15.8849],[-47.92546,-15.88641],[-47.92701,-15.88692],[-47.9295,-15.88908],[-47.93094,-15.88987],[-47.93147,-15.89056],[-47.93265,-15.89088],[-47.93385,-15.89208],[-47.93438,-15.89217],[-47.93516,-15.89303],[-47.93821,-15.89418],[-47.93866,-15.89501],[-47.94104,-15.89616],[-47.94607,-15.8951],[-47.95187,-15.88452],[-47.95626,-15.88128],[-47.95609,-15.88006],[-47.94811,-15.87555],[-47.93663,-15.87006],[-47.93617,-15.86917],[-47.93662,-15.86804],[-47.93654,-15.86672],[-47.93499,-15.86106],[-47.93608,-15.86172],[-47.95177,-15.87179],[-47.95627,-15.87429],[-47.95729,-15.87458],[-47.95874,-15.87455]]],[[[-47.96026,-15.86385],[-47.96046,-15.86341],[-47.96221,-15.86428],[-47.96313,-15.86359],[-47.96346,-15.86261],[-47.96438,-15.86262],[-47.96518,-15.86178],[-47.96633,-15.86156],[-47.96682,-15.8609],[-47.97016,-15.86164],[-47.97074,-15.86111],[-47.97106,-15.86172],[-47.9718,-15.86159],[-47.97155,-15.86006],[-47.97187,-15.8594],[-47.97279,-15.85939],[-47.97311,-15.8588],[-47.97497,-15.85877],[-47.9756,-15.85921],[-47.97775,-15.8578],[-47.97772,-15.85701],[-47.97926,-15.85496],[-47.97959,-15.85294],[-47.98093,-15.8519],[-47.9817,-15.85028],[-47.98382,-15.85022],[-47.98441,-15.8506],[-47.98571,-15.84783],[-47.9864,-15.84755],[-47.98844,-15.84743],[-47.98844,-15.84711],[-47.98965,-15.84625],[-47.98938,-15.84591],[-47.99005,-15.84484],[-47.98983,-15.84406],[-47.99023,-15.84264],[-47.98992,-15.84132],[-47.99178,-15.83921],[-47.9916,-15.8381],[-47.99193,-15.83713],[-47.99242,-15.8371],[-47.99313,-15.83557],[-47.99314,-15.83384],[-47.99362,-15.83257],[-47.99478,-15.83219],[-47.99538,-15.83125],[-47.99514,-15.82981],[-47.99556,-15.82958],[-47.99516,-15.82802],[-47.99548,-15.82723],[-47.99638,-15.82667],[-47.99658,-15.82548],[-47.99588,-15.82411],[-47.99631,-15.82307],[-47.99737,-15.8226],[-48.00012,-15.82029],[-48.00038,-15.81806],[-48.00085,-15.8178],[-48.0028,-15.81843],[-48.00312,-15.81808],[-48.00383,-15.81912],[-48.01072,-15.82208],[-48.01115,-15.82115],[-48.01366,-15.8222],[-48.00857,-15.83371],[-48.00863,-15.8344],[-48.00784,-15.83538],[-48.00529,-15.83431],[-48.00363,-15.83806],[-48.01089,-15.84113],[-48.00803,-15.84744],[-48.00764,-15.84728],[-48.00641,-15.85021],[-48.00195,-15.84831],[-48.00103,-15.84695],[-47.99987,-15.84642],[-47.99876,-15.84865],[-48.00064,-15.85042],[-47.99609,-15.85501],[-47.99646,-15.85537],[-47.99498,-15.85687],[-47.99456,-15.8566],[-47.99088,-15.86019],[-47.99056,-15.85987],[-47.98795,-15.86244],[-47.98831,-15.86276],[-47.98678,-15.86429],[-47.98654,-15.86478],[-47.99195,-15.86622],[-47.99143,-15.86802],[-47.99183,-15.86847],[-47.99387,-15.869],[-47.99333,-15.8712],[-47.99336,-15.87191],[-47.9921,-15.87651],[-47.98525,-15.8759],[-47.98297,-15.87536],[-47.97895,-15.87336],[-47.97739,-15.86988],[-47.97705,-15.86741],[-47.97726,-15.86625],[-47.97792,-15.86474],[-47.97745,-15.86433],[-47.97502,-15.86658],[-47.96946,-15.86721],[-47.96918,-15.86486],[-47.96496,-15.86534],[-47.96411,-15.86474],[-47.96347,-15.86533],[-47.96026,-15.86385]]]]},"properties":{"ra_nome":"PARK WAY"}},
{"type":"Feature","geometry":{"type":"Polygon","coordinates":[[[-47.93499,-15.86106],[-47.93654,-15.86672],[-47.93662,-15.86804],[-47.93617,-15.86917],[-47.93663,-15.87006],[-47.94811,-15.87555],[-47.95609,-15.88006],[-47.95626,-15.88128],[-47.95187,-15.88452],[-47.94607,-15.8951],[-47.94104,-15.89616],[-47.93866,-15.89501],[-47.93821,-15.89418],[-47.93516,-15.89303],[-47.93438,-15.89217],[-47.93385,-15.89208],[-47.93265,-15.89088],[-47.93147,-15.89056],[-47.93094,-15.88987],[-47.9295,-15.88908],[-47.92701,-15.88692],[-47.92546,-15.88641],[-47.92378,-15.8849],[-47.92055,-15.88411],[-47.91942,-15.88339],[-47.91791,-15.88355],[-47.9162,-15.88343],[-47.91515,-15.88304],[-47.91367,-15.88289],[-47.91186,-15.88241],[-47.90984,-15.88219],[-47.90951,-15.8817],[-47.90753,-15.88127],[-47.90609,-15.88134],[-47.90604,-15.88266],[-47.90565,-15.88333],[-47.9058,-15.88465],[-47.90649,-15.88526],[-47.90628,-15.88599],[-47.90612,-15.8894],[-47.90542,-15.89065],[-47.90588,-15.89145],[-47.90663,-15.89185],[-47.90634,-15.89259],[-47.90737,-15.89396],[-47.90737,-15.89468],[-47.90879,-15.89597],[-47.90836,-15.89691],[-47.91009,-15.89893],[-47.91084,-15.901],[-47.91083,-15.90232],[-47.91109,-15.90492],[-47.91197,-15.90637],[-47.91228,-15.90739],[-47.91333,-15.90837],[-47.91189,-15.90965],[-47.91112,-15.90952],[-47.90922,-15.90991],[-47.90914,-15.91074],[-47.9078,-15.91248],[-47.90656,-15.91248],[-47.9053,-15.91159],[-47.90427,-15.91211],[-47.903,-15.9114],[-47.90259,-15.9118],[-47.90172,-15.91124],[-47.90086,-15.91176],[-47.89848,-15.91213],[-47.89607,-15.91135],[-47.8936,-15.91172],[-47.89052,-15.9114],[-47.88976,-15.91111],[-47.88848,-15.91132],[-47.88702,-15.91209],[-47.8861,-15.91289],[-47.8836,-15.91371],[-47.88233,-15.91352],[-47.89367,-15.90067],[-47.8801,-15.88494],[-47.8702,-15.88016],[-47.85608,-15.87317],[-47.85698,-15.87124],[-47.85116,-15.86869],[-47.85315,-15.86449],[-47.85393,-15.86415],[-47.85522,-15.86048],[-47.85626,-15.85879],[-47.85561,-15.85854],[-47.85357,-15.85663],[-47.85063,-15.85715],[-47.84292,-15.86161],[-47.84505,-15.86281],[-47.84301,-15.86621],[-47.83074,-15.85929],[-47.82095,-15.86386],[-47.82047,-15.86402],[-47.81984,-15.86293],[-47.81651,-15.85205],[-47.81564,-15.85011],[-47.81394,-15.84746],[-47.8124,-15.84578],[-47.79786,-15.82701],[-47.79605,-15.82448],[-47.79477,-15.82233],[-47.79288,-15.81815],[-47.7884,-15.80962],[-47.78657,-15.80557],[-47.78586,-15.80223],[-47.78726,-15.80179],[-47.78863,-15.79995],[-47.78936,-15.80001],[-47.78929,-15.79849],[-47.7896,-15.79806],[-47.78925,-15.7972],[-47.78974,-15.79571],[-47.79096,-15.79536],[-47.79187,-15.79549],[-47.79207,-15.79612],[-47.79272,-15.79586],[-47.79376,-15.79633],[-47.79467,-15.79595],[-47.79537,-15.79726],[-47.79609,-15.79597],[-47.79688,-15.79613],[-47.79757,-15.79576],[-47.79824,-15.79722],[-47.79873,-15.79703],[-47.79858,-15.79521],[-47.79963,-15.79474],[-47.80138,-15.79484],[-47.80171,-15.79404],[-47.80338,-15.79448],[-47.80369,-15.79416],[-47.80246,-15.79303],[-47.80405,-15.79239],[-47.80745,-15.79306],[-47.80921,-15.79319],[-47.8103,-15.79424],[-47.81027,-15.79504],[-47.80968,-15.79543],[-47.8122,-15.79742],[-47.81355,-15.79975],[-47.8143,-15.80162],[-47.81526,-15.80286],[-47.81522,-15.80388],[-47.81473,-15.80471],[-47.81336,-15.80586],[-47.8139,-15.80647],[-47.81699,-15.80569],[-47.81742,-15.80796],[-47.81888,-15.80902],[-47.81819,-15.81021],[-47.81848,-15.81285],[-47.81908,-15.81514],[-47.81939,-15.81716],[-47.81828,-15.819],[-47.81778,-15.81923],[-47.81602,-15.82156],[-47.81727,-15.82107],[-47.81892,-15.82115],[-47.82163,-15.82227],[-47.82289,-15.82403],[-47.8231,-15.8253],[-47.82409,-15.82546],[-47.82714,-15.82783],[-47.82755,-15.8286],[-47.82743,-15.82942],[-47.82678,-15.83078],[-47.8255,-15.83209],[-47.82514,-15.83284],[-47.82835,-15.83236],[-47.83148,-15.83078],[-47.8326,-15.83075],[-47.83542,-15.83151],[-47.83787,-15.83297],[-47.83977,-15.83598],[-47.84095,-15.8387],[-47.84141,-15.83916],[-47.84356,-15.83904],[-47.84849,-15.84017],[-47.85155,-15.83924],[-47.85279,-15.8394],[-47.85425,-15.84022],[-47.85676,-15.8425],[-47.85829,-15.84431],[-47.85963,-15.84518],[-47.86083,-15.84558],[-47.86332,-15.84865],[-47.86382,-15.84993],[-47.86306,-15.85006],[-47.86192,-15.85076],[-47.86028,-15.85076],[-47.85845,-15.8515],[-47.85892,-15.85327],[-47.86008,-15.85304],[-47.86093,-15.85236],[-47.86358,-15.85202],[-47.86516,-15.85264],[-47.86682,-15.8521],[-47.86755,-15.85272],[-47.86735,-15.85324],[-47.86823,-15.85378],[-47.86931,-15.85385],[-47.8698,-15.85424],[-47.8688,-15.85471],[-47.86877,-15.85595],[-47.87038,-15.85719],[-47.87059,-15.85823],[-47.87204,-15.85903],[-47.87371,-15.85843],[-47.87344,-15.85784],[-47.87222,-15.85747],[-47.87309,-15.85741],[-47.87363,-15.85781],[-47.87414,-15.8588],[-47.87434,-15.85767],[-47.87341,-15.85703],[-47.87253,-15.85573],[-47.87087,-15.85479],[-47.8704,-15.85367],[-47.86909,-15.85294],[-47.86861,-15.85117],[-47.86814,-15.85046],[-47.86852,-15.84933],[-47.86976,-15.84845],[-47.86979,-15.84784],[-47.86912,-15.84735],[-47.86864,-15.84526],[-47.86692,-15.8424],[-47.86665,-15.84153],[-47.86475,-15.8396],[-47.86341,-15.83774],[-47.86164,-15.83573],[-47.86155,-15.83515],[-47.85931,-15.83316],[-47.85845,-15.83199],[-47.85755,-15.83151],[-47.85628,-15.83013],[-47.85491,-15.82951],[-47.85493,-15.8279],[-47.8557,-15.82727],[-47.85756,-15.827],[-47.86,-15.82741],[-47.8617,-15.82802],[-47.8635,-15.82831],[-47.86464,-15.82827],[-47.86609,-15.82788],[-47.86814,-15.8286],[-47.86943,-15.82964],[-47.8704,-15.83],[-47.87134,-15.82967],[-47.87199,-15.82794],[-47.87164,-15.82705],[-47.87085,-15.82663],[-47.87117,-15.82558],[-47.87243,-15.82422],[-47.87478,-15.82476],[-47.87601,-15.82458],[-47.87707,-15.82474],[-47.87768,-15.82537],[-47.8791,-15.82582],[-47.87976,-15.82747],[-47.88044,-15.82823],[-47.88187,-15.829],[-47.8832,-15.82859],[-47.88339,-15.83001],[-47.88395,-15.83099],[-47.88427,-15.83365],[-47.88471,-15.83515],[-47.88614,-15.83696],[-47.88712,-15.83778],[-47.8897,-15.83934],[-47.89063,-15.84008],[-47.89231,-15.84098],[-47.89374,-15.84109],[-47.89683,-15.84075],[-47.89812,-15.84076],[-47.89814,-15.84115],[-47.90059,-15.84283],[-47.90404,-15.84472],[-47.90434,-15.84414],[-47.90568,-15.84519],[-47.90727,-15.84592],[-47.90906,-15.8461],[-47.91169,-15.84686],[-47.91448,-15.84844],[-47.91611,-15.84965],[-47.91989,-15.85161],[-47.92085,-15.85136],[-47.92267,-15.85158],[-47.92345,-15.85136],[-47.92494,-15.85167],[-47.92518,-15.85088],[-47.92676,-15.85088],[-47.92956,-15.85151],[-47.93059,-15.85119],[-47.93092,-15.85152],[-47.93232,-15.85129],[-47.93499,-15.86106]]]},"properties":{"ra_nome":"LAGO SUL"}},
{"type":"Feature","geometry":{"type":"Polygon","coordinates":[[[-47.8595,-15.68823],[-47.86187,-15.68958],[-47.86758,-15.69229],[-47.87541,-15.69626],[-47.87594,-15.67958],[-47.87843,-15.68295],[-47.90211,-15.69479],[-47.90547,-15.69639],[-47.90839,-15.69347],[-47.91026,-15.69373],[-47.91032,-15.6945],[-47.9114,-15.69468],[-47.91141,-15.69529],[-47.91315,-15.69592],[-47.91468,-15.69392],[-47.91484,-15.69348],[-47.92007,-15.70297],[-47.92182,-15.71041],[-47.9221,-15.71243],[-47.9229,-15.71641],[-47.92317,-15.71683],[-47.92341,-15.71887],[-47.92262,-15.71951],[-47.92242,-15.72159],[-47.92166,-15.72216],[-47.92222,-15.72433],[-47.92043,-15.72623],[-47.92008,-15.72597],[-47.9179,-15.7273],[-47.91636,-15.72769],[-47.91558,-15.72831],[-47.91405,-15.72821],[-47.91332,-15.7285],[-47.91078,-15.72856],[-47.91038,-15.72822],[-47.90945,-15.72864],[-47.90854,-15.72864],[-47.90816,-15.7278],[-47.90717,-15.72796],[-47.90621,-15.72745],[-47.90483,-15.7277],[-47.90438,-15.72722],[-47.90258,-15.72744],[-47.90214,-15.72778],[-47.90017,-15.72781],[-47.89888,-15.72725],[-47.8976,-15.72793],[-47.89679,-15.72787],[-47.89638,-15.72837],[-47.89509,-15.72892],[-47.89483,-15.73017],[-47.89408,-15.72957],[-47.88999,-15.72976],[-47.887,-15.72916],[-47.88664,-15.72943],[-47.88468,-15.72881],[-47.88333,-15.72919],[-47.88263,-15.72981],[-47.8813,-15.73001],[-47.87962,-15.7309],[-47.87797,-15.73293],[-47.87796,-15.73348],[-47.8765,-15.73528],[-47.87634,-15.73653],[-47.87528,-15.7381],[-47.87378,-15.73924],[-47.87248,-15.74106],[-47.87028,-15.7421],[-47.86754,-15.74252],[-47.86578,-15.7433],[-47.86416,-15.74448],[-47.86321,-15.74565],[-47.8627,-15.74738],[-47.86142,-15.7479],[-47.85988,-15.74783],[-47.85642,-15.74934],[-47.85535,-15.74948],[-47.852,-15.75107],[-47.85034,-15.75269],[-47.84955,-15.75301],[-47.84682,-15.75459],[-47.84613,-15.75528],[-47.84517,-15.75719],[-47.84518,-15.75923],[-47.84479,-15.75998],[-47.84278,-15.7606],[-47.84115,-15.76212],[-47.84053,-15.76334],[-47.83926,-15.76399],[-47.83706,-15.76478],[-47.83559,-15.7662],[-47.83562,-15.76711],[-47.83509,-15.76749],[-47.83461,-15.76883],[-47.83456,-15.77009],[-47.83511,-15.77094],[-47.83491,-15.77168],[-47.83358,-15.77322],[-47.83202,-15.77363],[-47.83115,-15.77313],[-47.82923,-15.76974],[-47.82835,-15.7658],[-47.82814,-15.76312],[-47.82698,-15.76065],[-47.82728,-15.7591],[-47.82829,-15.75844],[-47.82948,-15.75698],[-47.82986,-15.75596],[-47.82978,-15.75469],[-47.82857,-15.7535],[-47.8276,-15.75177],[-47.82772,-15.75068],[-47.82958,-15.74922],[-47.8326,-15.74722],[-47.83567,-15.74574],[-47.83864,-15.745],[-47.84013,-15.74422],[-47.84105,-15.74336],[-47.84255,-15.74114],[-47.8443,-15.73888],[-47.84734,-15.73778],[-47.84883,-15.73646],[-47.84983,-15.73528],[-47.8508,-15.73472],[-47.85309,-15.73252],[-47.8534,-15.7312],[-47.85518,-15.73098],[-47.85595,-15.73064],[-47.85653,-15.72961],[-47.85765,-15.72907],[-47.85862,-15.7281],[-47.85748,-15.7287],[-47.85709,-15.72855],[-47.85925,-15.72691],[-47.85943,-15.7271],[-47.86013,-15.72516],[-47.8594,-15.72663],[-47.8574,-15.72819],[-47.85616,-15.72884],[-47.85736,-15.72777],[-47.85775,-15.72699],[-47.85824,-15.72718],[-47.85933,-15.72647],[-47.85944,-15.72554],[-47.85877,-15.72514],[-47.85906,-15.7245],[-47.85773,-15.72426],[-47.85453,-15.72648],[-47.85386,-15.72722],[-47.85289,-15.72723],[-47.85219,-15.728],[-47.85208,-15.72897],[-47.85162,-15.72802],[-47.84766,-15.72952],[-47.84716,-15.73094],[-47.84647,-15.7321],[-47.84608,-15.73332],[-47.84499,-15.73378],[-47.84374,-15.73498],[-47.84271,-15.7349],[-47.84086,-15.73514],[-47.83924,-15.73423],[-47.83844,-15.73422],[-47.83853,-15.73567],[-47.83781,-15.73644],[-47.83562,-15.73721],[-47.83671,-15.73883],[-47.83638,-15.7402],[-47.83563,-15.74084],[-47.83562,-15.74203],[-47.83489,-15.74152],[-47.83306,-15.74093],[-47.83206,-15.74168],[-47.83215,-15.74234],[-47.83029,-15.74308],[-47.82877,-15.74267],[-47.82803,-15.74323],[-47.82741,-15.74434],[-47.82643,-15.74486],[-47.82587,-15.74464],[-47.82398,-15.74554],[-47.82308,-15.7472],[-47.82166,-15.74815],[-47.82111,-15.74912],[-47.82188,-15.75039],[-47.82208,-15.75133],[-47.82127,-15.75234],[-47.82018,-15.75269],[-47.81712,-15.75107],[-47.81613,-15.7515],[-47.81634,-15.75198],[-47.81862,-15.7552],[-47.81924,-15.75648],[-47.81986,-15.7586],[-47.81917,-15.76008],[-47.81759,-15.76102],[-47.81529,-15.76291],[-47.81366,-15.76367],[-47.81444,-15.76415],[-47.81629,-15.76471],[-47.81841,-15.76444],[-47.81887,-15.76515],[-47.81822,-15.7668],[-47.81777,-15.76942],[-47.81724,-15.7712],[-47.81741,-15.77385],[-47.817,-15.77483],[-47.81462,-15.77625],[-47.81293,-15.77788],[-47.81096,-15.77917],[-47.81068,-15.7805],[-47.81012,-15.78153],[-47.8081,-15.78358],[-47.80802,-15.78401],[-47.80633,-15.78571],[-47.80687,-15.7868],[-47.8064,-15.78758],[-47.80497,-15.78841],[-47.80262,-15.7892],[-47.80147,-15.78903],[-47.79926,-15.7903],[-47.79915,-15.78971],[-47.79806,-15.7901],[-47.79813,-15.79054],[-47.79528,-15.78896],[-47.79521,-15.78827],[-47.79453,-15.78893],[-47.79472,-15.78939],[-47.79373,-15.78986],[-47.79428,-15.79073],[-47.79317,-15.79058],[-47.79206,-15.79004],[-47.79099,-15.79032],[-47.79017,-15.78977],[-47.7894,-15.78862],[-47.78938,-15.79049],[-47.78915,-15.79067],[-47.78894,-15.78848],[-47.78778,-15.78532],[-47.78679,-15.78196],[-47.79363,-15.78104],[-47.79519,-15.78122],[-47.79627,-15.7816],[-47.79789,-15.78275],[-47.79946,-15.78506],[-47.80075,-15.78643],[-47.80256,-15.78738],[-47.80417,-15.78702],[-47.80486,-15.7862],[-47.80548,-15.78396],[-47.80613,-15.78294],[-47.80791,-15.78113],[-47.80876,-15.77988],[-47.81274,-15.77352],[-47.81319,-15.77201],[-47.81316,-15.77092],[-47.81218,-15.76871],[-47.80907,-15.76555],[-47.80851,-15.76447],[-47.80897,-15.76292],[-47.81175,-15.76007],[-47.81315,-15.75813],[-47.81187,-15.75743],[-47.81051,-15.75729],[-47.80741,-15.75874],[-47.78983,-15.76148],[-47.7866,-15.76134],[-47.78393,-15.76048],[-47.78396,-15.76003],[-47.78493,-15.75968],[-47.78517,-15.7581],[-47.78641,-15.75769],[-47.7855,-15.75591],[-47.78469,-15.75595],[-47.78522,-15.75233],[-47.78701,-15.75219],[-47.78629,-15.74943],[-47.79151,-15.74807],[-47.79091,-15.74571],[-47.78399,-15.7432],[-47.79007,-15.72751],[-47.79102,-15.72514],[-47.79232,-15.72319],[-47.79422,-15.72165],[-47.83412,-15.69428],[-47.83585,-15.6934],[-47.83757,-15.69297],[-47.83888,-15.69288],[-47.8489,-15.69285],[-47.85015,-15.69281],[-47.85255,-15.69216],[-47.85808,-15.68922],[-47.8595,-15.68823]],[[-47.89142,-15.70737],[-47.89198,-15.70697],[-47.88474,-15.70147],[-47.88155,-15.70483],[-47.87688,-15.70744],[-47.8752,-15.70726],[-47.87231,-15.70798],[-47.87158,-15.70954],[-47.87408,-15.71135],[-47.87341,-15.71257],[-47.87078,-15.71354],[-47.87051,-15.71461],[-47.87123,-15.71554],[-47.8681,-15.71646],[-47.86968,-15.71951],[-47.86988,-15.71917],[-47.87368,-15.7168],[-47.87498,-15.71636],[-47.87438,-15.7158],[-47.87705,-15.71508],[-47.87716,-15.71455],[-47.87824,-15.71403],[-47.87806,-15.71251],[-47.87901,-15.71186],[-47.87995,-15.71222],[-47.8806,-15.71187],[-47.88423,-15.71056],[-47.88471,-15.70997],[-47.88686,-15.70912],[-47.88814,-15.70894],[-47.88938,-15.70812],[-47.88938,-15.70749],[-47.89142,-15.70737]]]},"properties":{"ra_nome":"LAGO NORTE"}},
{"type":"Feature","geometry":{"type":"Polygon","coordinates":[[[-47.60056,-15.6223],[-47.60229,-15.62254],[-47.60335,-15.62232],[-47.60537,-15.62239],[-47.60744,-15.62292],[-47.60878,-15.62273],[-47.61074,-15.62283],[-47.6113,-15.62254],[-47.61354,-15.62265],[-47.61471,-15.62297],[-47.61679,-15.62288],[-47.61766,-15.62334],[-47.62133,-15.62453],[-47.62256,-15.62463],[-47.62541,-15.62611],[-47.62677,-15.62654],[-47.62704,-15.62719],[-47.62685,-15.62991],[-47.62854,-15.63087],[-47.63,-15.63076],[-47.63139,-15.63108],[-47.63525,-15.63011],[-47.63661,-15.63002],[-47.63935,-15.62838],[-47.64148,-15.62843],[-47.64153,-15.62916],[-47.64476,-15.63014],[-47.64793,-15.63078],[-47.65,-15.63242],[-47.65147,-15.63265],[-47.6523,-15.63342],[-47.65431,-15.63455],[-47.65775,-15.63538],[-47.65999,-15.63508],[-47.66133,-15.63436],[-47.66476,-15.63292],[-47.66625,-15.63309],[-47.66688,-15.63346],[-47.66732,-15.63435],[-47.66694,-15.63511],[-47.66711,-15.63619],[-47.66777,-15.63619],[-47.66834,-15.63708],[-47.66809,-15.63738],[-47.66946,-15.63755],[-47.66922,-15.63798],[-47.67031,-15.63875],[-47.67039,-15.64022],[-47.67081,-15.64078],[-47.67004,-15.6422],[-47.67148,-15.64332],[-47.67232,-15.64432],[-47.67247,-15.64541],[-47.67205,-15.64666],[-47.67367,-15.64804],[-47.67471,-15.64841],[-47.67316,-15.64929],[-47.67173,-15.64969],[-47.66932,-15.64937],[-47.668,-15.64876],[-47.66623,-15.64834],[-47.66131,-15.64818],[-47.66125,-15.65073],[-47.66163,-15.6545],[-47.66208,-15.65642],[-47.66267,-15.66129],[-47.66262,-15.66179],[-47.66481,-15.66241],[-47.66593,-15.66331],[-47.66697,-15.66536],[-47.6678,-15.66579],[-47.66836,-15.66678],[-47.66966,-15.66764],[-47.67025,-15.66855],[-47.67157,-15.66945],[-47.67067,-15.67009],[-47.6715,-15.67105],[-47.6707,-15.67137],[-47.6702,-15.67209],[-47.66851,-15.67173],[-47.66807,-15.67264],[-47.66875,-15.67329],[-47.66929,-15.67487],[-47.66675,-15.67588],[-47.66658,-15.67646],[-47.66554,-15.6768],[-47.66436,-15.67578],[-47.66391,-15.67627],[-47.66271,-15.67582],[-47.66209,-15.67607],[-47.66136,-15.67536],[-47.66046,-15.67555],[-47.65981,-15.6748],[-47.65963,-15.67388],[-47.65864,-15.67382],[-47.65784,-15.6725],[-47.65637,-15.67217],[-47.65642,-15.67253],[-47.65478,-15.67143],[-47.65528,-15.67061],[-47.65434,-15.66991],[-47.65279,-15.66984],[-47.65233,-15.66875],[-47.65127,-15.66968],[-47.65085,-15.67045],[-47.64975,-15.66994],[-47.64907,-15.66919],[-47.64826,-15.66742],[-47.64737,-15.66599],[-47.64698,-15.66654],[-47.64634,-15.66606],[-47.64596,-15.66516],[-47.64503,-15.66493],[-47.64372,-15.66314],[-47.64229,-15.6633],[-47.64204,-15.66384],[-47.64052,-15.66357],[-47.6402,-15.66444],[-47.63952,-15.66397],[-47.63963,-15.66336],[-47.63858,-15.66182],[-47.63662,-15.66078],[-47.63614,-15.65998],[-47.63519,-15.65929],[-47.63431,-15.65802],[-47.63212,-15.65824],[-47.63082,-15.65793],[-47.63009,-15.65745],[-47.62877,-15.65729],[-47.62797,-15.6581],[-47.62669,-15.65842],[-47.62562,-15.65773],[-47.62476,-15.65803],[-47.62391,-15.65748],[-47.62138,-15.65812],[-47.62102,-15.65749],[-47.61934,-15.65811],[-47.61829,-15.65772],[-47.61745,-15.65799],[-47.61686,-15.6574],[-47.61664,-15.65838],[-47.61589,-15.65894],[-47.61457,-15.65872],[-47.61306,-15.65944],[-47.61188,-15.65951],[-47.61087,-15.66067],[-47.6081,-15.66005],[-47.60618,-15.66069],[-47.60505,-15.66006],[-47.60391,-15.66056],[-47.60293,-15.65964],[-47.60223,-15.66011],[-47.60121,-15.65998],[-47.60213,-15.65852],[-47.62032,-15.6518],[-47.62122,-15.65096],[-47.62146,-15.65017],[-47.62154,-15.64831],[-47.62239,-15.64728],[-47.62334,-15.64699],[-47.62441,-15.64139],[-47.59707,-15.62266],[-47.60056,-15.6223]]]},"properties":{"ra_nome":"ARAPOANGA"}},
{"type":"Feature","geometry":{"type":"Polygon","coordinates":[[[-47.95455,-15.84839],[-47.95548,-15.84825],[-47.95647,-15.85448],[-47.96169,-15.85375],[-47.96266,-15.86092],[-47.95965,-15.86295],[-47.95935,-15.86339],[-47.96026,-15.86385],[-47.96347,-15.86533],[-47.96411,-15.86474],[-47.96496,-15.86534],[-47.96918,-15.86486],[-47.96946,-15.86721],[-47.97502,-15.86658],[-47.97745,-15.86433],[-47.97792,-15.86474],[-47.97726,-15.86625],[-47.97705,-15.86741],[-47.97739,-15.86988],[-47.97895,-15.87336],[-47.98297,-15.87536],[-47.98525,-15.8759],[-47.9921,-15.87651],[-48.00048,-15.87727],[-48.00024,-15.87992],[-47.99602,-15.87977],[-47.9942,-15.87866],[-47.99235,-15.87808],[-47.9881,-15.87789],[-47.98635,-15.87746],[-47.98351,-15.87809],[-47.98216,-15.87788],[-47.98077,-15.87819],[-47.98017,-15.87726],[-47.97966,-15.87931],[-47.97902,-15.88053],[-47.97782,-15.88227],[-47.97652,-15.88318],[-47.97477,-15.88361],[-47.96226,-15.88367],[-47.96102,-15.88375],[-47.96104,-15.88226],[-47.96335,-15.88283],[-47.9645,-15.88295],[-47.97076,-15.8829],[-47.97079,-15.87938],[-47.96887,-15.87939],[-47.96865,-15.88062],[-47.96395,-15.88061],[-47.96394,-15.87893],[-47.9623,-15.87847],[-47.96197,-15.87633],[-47.9591,-15.87675],[-47.95874,-15.87455],[-47.95455,-15.84839]]]},"properties":{"ra_nome":"NÚCLEO BANDEIRANTE"}},
{"type":"Feature","geometry":{"type":"Polygon","coordinates":[[[-48.00085,-15.8178],[-48.00139,-15.81726],[-48.00412,-15.81582],[-48.00487,-15.81455],[-48.01506,-15.81823],[-48.01765,-15.81937],[-48.03396,-15.82911],[-48.03549,-15.82972],[-48.0371,-15.83009],[-48.05033,-15.83186],[-48.0498,-15.83294],[-48.04942,-15.83477],[-48.04889,-15.83579],[-48.0456,-15.83422],[-48.03685,-15.85052],[-48.0331,-15.84896],[-48.03297,-15.84952],[-48.0265,-15.84679],[-48.02185,-15.84502],[-48.01666,-15.84282],[-48.01224,-15.84163],[-48.01089,-15.84113],[-48.00363,-15.83806],[-48.00529,-15.83431],[-48.00784,-15.83538],[-48.00863,-15.8344],[-48.00857,-15.83371],[-48.01366,-15.8222],[-48.01115,-15.82115],[-48.01072,-15.82208],[-48.00383,-15.81912],[-48.00312,-15.81808],[-48.0028,-15.81843],[-48.00085,-15.8178]]]},"properties":{"ra_nome":"ÁGUAS CLARAS"}},
{"type":"Feature","geometry":{"type":"Polygon","coordinates":[[[-47.9484,-15.81015],[-47.94249,-15.81101],[-47.94099,-15.81106],[-47.93953,-15.81077],[-47.93483,-15.80914],[-47.93183,-15.80792],[-47.92888,-15.80696],[-47.92748,-15.80631],[-47.92078,-15.80251],[-47.91966,-15.80202],[-47.91431,-15.79894],[-47.91365,-15.79809],[-47.91299,-15.79613],[-47.91119,-15.79653],[-47.90848,-15.78847],[-47.91055,-15.78765],[-47.91442,-15.78643],[-47.91392,-15.78497],[-47.92927,-15.78015],[-47.93103,-15.78539],[-47.93333,-15.79198],[-47.93349,-15.79366],[-47.93347,-15.79891],[-47.9332,-15.79992],[-47.93241,-15.80116],[-47.93274,-15.80136],[-47.93299,-15.80363],[-47.93754,-15.80648],[-47.94041,-15.80232],[-47.94167,-15.80159],[-47.94618,-15.80015],[-47.94736,-15.80377],[-47.94786,-15.80631],[-47.9484,-15.81015]]]},"properties":{"ra_nome":"SUDOESTE/OCTOGONAL"}},
{"type":"Feature","geometry":{"type":"Polygon","coordinates":[[[-47.93851,-15.77727],[-47.92927,-15.78015],[-47.91392,-15.78497],[-47.91442,-15.78643],[-47.91055,-15.78765],[-47.90848,-15.78847],[-47.91119,-15.79653],[-47.91299,-15.79613],[-47.91365,-15.79809],[-47.91431,-15.79894],[-47.91966,-15.80202],[-47.92078,-15.80251],[-47.92748,-15.80631],[-47.92888,-15.80696],[-47.93183,-15.80792],[-47.93483,-15.80914],[-47.93953,-15.81077],[-47.94099,-15.81106],[-47.94249,-15.81101],[-47.9484,-15.81015],[-47.95054,-15.82323],[-47.95194,-15.83231],[-47.9533,-15.84058],[-47.94646,-15.84267],[-47.94136,-15.84434],[-47.94011,-15.84456],[-47.93148,-15.8451],[-47.93172,-15.8485],[-47.93232,-15.85129],[-47.93092,-15.85152],[-47.93059,-15.85119],[-47.92956,-15.85151],[-47.92676,-15.85088],[-47.92518,-15.85088],[-47.92494,-15.85167],[-47.92345,-15.85136],[-47.92267,-15.85158],[-47.92085,-15.85136],[-47.91989,-15.85161],[-47.91611,-15.84965],[-47.91448,-15.84844],[-47.91169,-15.84686],[-47.90906,-15.8461],[-47.90727,-15.84592],[-47.90568,-15.84519],[-47.90434,-15.84414],[-47.90404,-15.84472],[-47.90059,-15.84283],[-47.89814,-15.84115],[-47.89812,-15.84076],[-47.89683,-15.84075],[-47.89374,-15.84109],[-47.89231,-15.84098],[-47.89063,-15.84008],[-47.8897,-15.83934],[-47.88712,-15.83778],[-47.88614,-15.83696],[-47.88471,-15.83515],[-47.88427,-15.83365],[-47.88395,-15.83099],[-47.88339,-15.83001],[-47.8832,-15.82859],[-47.88187,-15.829],[-47.88044,-15.82823],[-47.87976,-15.82747],[-47.8791,-15.82582],[-47.87768,-15.82537],[-47.87707,-15.82474],[-47.87601,-15.82458],[-47.87478,-15.82476],[-47.87243,-15.82422],[-47.87117,-15.82558],[-47.87085,-15.82663],[-47.87164,-15.82705],[-47.87199,-15.82794],[-47.87134,-15.82967],[-47.8704,-15.83],[-47.86943,-15.82964],[-47.86814,-15.8286],[-47.86609,-15.82788],[-47.86464,-15.82827],[-47.8635,-15.82831],[-47.8617,-15.82802],[-47.86,-15.82741],[-47.85756,-15.827],[-47.8557,-15.82727],[-47.85493,-15.8279],[-47.85491,-15.82951],[-47.85628,-15.83013],[-47.85755,-15.83151],[-47.85845,-15.83199],[-47.85931,-15.83316],[-47.86155,-15.83515],[-47.86164,-15.83573],[-47.86341,-15.83774],[-47.86475,-15.8396],[-47.86665,-15.84153],[-47.86692,-15.8424],[-47.86864,-15.84526],[-47.86912,-15.84735],[-47.86979,-15.84784],[-47.86976,-15.84845],[-47.86852,-15.84933],[-47.86814,-15.85046],[-47.86861,-15.85117],[-47.86909,-15.85294],[-47.8704,-15.85367],[-47.87087,-15.85479],[-47.87253,-15.85573],[-47.87341,-15.85703],[-47.87434,-15.85767],[-47.87414,-15.8588],[-47.87363,-15.85781],[-47.87309,-15.85741],[-47.87222,-15.85747],[-47.87344,-15.85784],[-47.87371,-15.85843],[-47.87204,-15.85903],[-47.87059,-15.85823],[-47.87038,-15.85719],[-47.86877,-15.85595],[-47.8688,-15.85471],[-47.8698,-15.85424],[-47.86931,-15.85385],[-47.86823,-15.85378],[-47.86735,-15.85324],[-47.86755,-15.85272],[-47.86682,-15.8521],[-47.86516,-15.85264],[-47.86358,-15.85202],[-47.86093,-15.85236],[-47.86008,-15.85304],[-47.85892,-15.85327],[-47.85845,-15.8515],[-47.86028,-15.85076],[-47.86192,-15.85076],[-47.86306,-15.85006],[-47.86382,-15.84993],[-47.86332,-15.84865],[-47.86083,-15.84558],[-47.85963,-15.84518],[-47.85829,-15.84431],[-47.85676,-15.8425],[-47.85425,-15.84022],[-47.85279,-15.8394],[-47.85155,-15.83924],[-47.84849,-15.84017],[-47.84356,-15.83904],[-47.84141,-15.83916],[-47.84095,-15.8387],[-47.83977,-15.83598],[-47.83787,-15.83297],[-47.83542,-15.83151],[-47.8326,-15.83075],[-47.83148,-15.83078],[-47.82835,-15.83236],[-47.82514,-15.83284],[-47.8255,-15.83209],[-47.82678,-15.83078],[-47.82743,-15.82942],[-47.82755,-15.8286],[-47.82714,-15.82783],[-47.82409,-15.82546],[-47.8231,-15.8253],[-47.82289,-15.82403],[-47.82163,-15.82227],[-47.81892,-15.82115],[-47.81727,-15.82107],[-47.81602,-15.82156],[-47.81778,-15.81923],[-47.81828,-15.819],[-47.81939,-15.81716],[-47.81908,-15.81514],[-47.81848,-15.81285],[-47.81819,-15.81021],[-47.81888,-15.80902],[-47.81742,-15.80796],[-47.81699,-15.80569],[-47.8139,-15.80647],[-47.81336,-15.80586],[-47.81473,-15.80471],[-47.81522,-15.80388],[-47.81526,-15.80286],[-47.8143,-15.80162],[-47.81355,-15.79975],[-47.8122,-15.79742],[-47.80968,-15.79543],[-47.81027,-15.79504],[-47.8103,-15.79424],[-47.80921,-15.79319],[-47.80745,-15.79306],[-47.80405,-15.79239],[-47.80246,-15.79303],[-47.80369,-15.79416],[-47.80338,-15.79448],[-47.80171,-15.79404],[-47.80138,-15.79484],[-47.79963,-15.79474],[-47.79858,-15.79521],[-47.79873,-15.79703],[-47.79824,-15.79722],[-47.79757,-15.79576],[-47.79688,-15.79613],[-47.79609,-15.79597],[-47.79537,-15.79726],[-47.79467,-15.79595],[-47.79376,-15.79633],[-47.79272,-15.79586],[-47.79207,-15.79612],[-47.79187,-15.79549],[-47.79096,-15.79536],[-47.78974,-15.79571],[-47.78925,-15.7972],[-47.7896,-15.79806],[-47.78929,-15.79849],[-47.78936,-15.80001],[-47.78863,-15.79995],[-47.78726,-15.80179],[-47.78586,-15.80223],[-47.78392,-15.79786],[-47.78451,-15.79708],[-47.78473,-15.79457],[-47.78438,-15.79384],[-47.78542,-15.79356],[-47.78586,-15.79141],[-47.78581,-15.79075],[-47.78666,-15.79041],[-47.78719,-15.79087],[-47.78791,-15.79041],[-47.78815,-15.78908],[-47.78915,-15.79067],[-47.78938,-15.79049],[-47.7894,-15.78862],[-47.79017,-15.78977],[-47.79099,-15.79032],[-47.79206,-15.79004],[-47.79317,-15.79058],[-47.79428,-15.79073],[-47.79373,-15.78986],[-47.79472,-15.78939],[-47.79453,-15.78893],[-47.79521,-15.78827],[-47.79528,-15.78896],[-47.79813,-15.79054],[-47.79806,-15.7901],[-47.79915,-15.78971],[-47.79926,-15.7903],[-47.80147,-15.78903],[-47.80262,-15.7892],[-47.80497,-15.78841],[-47.8064,-15.78758],[-47.80687,-15.7868],[-47.80633,-15.78571],[-47.80802,-15.78401],[-47.8081,-15.78358],[-47.81012,-15.78153],[-47.81068,-15.7805],[-47.81096,-15.77917],[-47.81293,-15.77788],[-47.81462,-15.77625],[-47.817,-15.77483],[-47.81741,-15.77385],[-47.81724,-15.7712],[-47.81777,-15.76942],[-47.81822,-15.7668],[-47.81887,-15.76515],[-47.81841,-15.76444],[-47.81629,-15.76471],[-47.81444,-15.76415],[-47.81366,-15.76367],[-47.81529,-15.76291],[-47.81759,-15.76102],[-47.81917,-15.76008],[-47.81986,-15.7586],[-47.81924,-15.75648],[-47.81862,-15.7552],[-47.81634,-15.75198],[-47.81613,-15.7515],[-47.81712,-15.75107],[-47.82018,-15.75269],[-47.82127,-15.75234],[-47.82208,-15.75133],[-47.82188,-15.75039],[-47.82111,-15.74912],[-47.82166,-15.74815],[-47.82308,-15.7472],[-47.82398,-15.74554],[-47.82587,-15.74464],[-47.82643,-15.74486],[-47.82741,-15.74434],[-47.82803,-15.74323],[-47.82877,-15.74267],[-47.83029,-15.74308],[-47.83215,-15.74234],[-47.83206,-15.74168],[-47.83306,-15.74093],[-47.83489,-15.74152],[-47.83562,-15.74203],[-47.83563,-15.74084],[-47.83638,-15.7402],[-47.83671,-15.73883],[-47.83562,-15.73721],[-47.83781,-15.73644],[-47.83853,-15.73567],[-47.83844,-15.73422],[-47.83924,-15.73423],[-47.84086,-15.73514],[-47.84271,-15.7349],[-47.84374,-15.73498],[-47.84499,-15.73378],[-47.84608,-15.73332],[-47.84647,-15.7321],[-47.84716,-15.73094],[-47.84766,-15.72952],[-47.85162,-15.72802],[-47.85208,-15.72897],[-47.85219,-15.728],[-47.85289,-15.72723],[-47.85386,-15.72722],[-47.85453,-15.72648],[-47.85773,-15.72426],[-47.85906,-15.7245],[-47.85877,-15.72514],[-47.85944,-15.72554],[-47.85933,-15.72647],[-47.85824,-15.72718],[-47.85775,-15.72699],[-47.85736,-15.72777],[-47.85616,-15.72884],[-47.8574,-15.72819],[-47.8594,-15.72663],[-47.86013,-15.72516],[-47.85943,-15.7271],[-47.85925,-15.72691],[-47.85709,-15.72855],[-47.85748,-15.7287],[-47.85862,-15.7281],[-47.85765,-15.72907],[-47.85653,-15.72961],[-47.85595,-15.73064],[-47.85518,-15.73098],[-47.8534,-15.7312],[-47.85309,-15.73252],[-47.8508,-15.73472],[-47.84983,-15.73528],[-47.84883,-15.73646],[-47.84734,-15.73778],[-47.8443,-15.73888],[-47.84255,-15.74114],[-47.84105,-15.74336],[-47.84013,-15.74422],[-47.83864,-15.745],[-47.83567,-15.74574],[-47.8326,-15.74722],[-47.82958,-15.74922],[-47.82772,-15.75068],[-47.8276,-15.75177],[-47.82857,-15.7535],[-47.82978,-15.75469],[-47.82986,-15.75596],[-47.82948,-15.75698],[-47.82829,-15.75844],[-47.82728,-15.7591],[-47.82698,-15.76065],[-47.82814,-15.76312],[-47.82835,-15.7658],[-47.82923,-15.76974],[-47.83115,-15.77313],[-47.83202,-15.77363],[-47.83358,-15.77322],[-47.83491,-15.77168],[-47.83511,-15.77094],[-47.83456,-15.77009],[-47.83461,-15.76883],[-47.83509,-15.76749],[-47.83562,-15.76711],[-47.83559,-15.7662],[-47.83706,-15.76478],[-47.83926,-15.76399],[-47.84053,-15.76334],[-47.84115,-15.76212],[-47.84278,-15.7606],[-47.84479,-15.75998],[-47.84518,-15.75923],[-47.84517,-15.75719],[-47.84613,-15.75528],[-47.84682,-15.75459],[-47.84955,-15.75301],[-47.85034,-15.75269],[-47.852,-15.75107],[-47.85535,-15.74948],[-47.85642,-15.74934],[-47.85988,-15.74783],[-47.86142,-15.7479],[-47.8627,-15.74738],[-47.86321,-15.74565],[-47.86416,-15.74448],[-47.86578,-15.7433],[-47.86754,-15.74252],[-47.87028,-15.7421],[-47.87248,-15.74106],[-47.87378,-15.73924],[-47.87528,-15.7381],[-47.87634,-15.73653],[-47.8765,-15.73528],[-47.87796,-15.73348],[-47.87797,-15.73293],[-47.87962,-15.7309],[-47.8813,-15.73001],[-47.88263,-15.72981],[-47.88333,-15.72919],[-47.88468,-15.72881],[-47.88664,-15.72943],[-47.887,-15.72916],[-47.88999,-15.72976],[-47.89408,-15.72957],[-47.89483,-15.73017],[-47.89509,-15.72892],[-47.89638,-15.72837],[-47.89679,-15.72787],[-47.8976,-15.72793],[-47.89888,-15.72725],[-47.90017,-15.72781],[-47.90214,-15.72778],[-47.90258,-15.72744],[-47.90438,-15.72722],[-47.90483,-15.7277],[-47.90621,-15.72745],[-47.90717,-15.72796],[-47.90816,-15.7278],[-47.90854,-15.72864],[-47.90945,-15.72864],[-47.91038,-15.72822],[-47.91078,-15.72856],[-47.91332,-15.7285],[-47.91405,-15.72821],[-47.91558,-15.72831],[-47.91636,-15.72769],[-47.9179,-15.7273],[-47.92008,-15.72597],[-47.92043,-15.72623],[-47.92222,-15.72433],[-47.92166,-15.72216],[-47.92242,-15.72159],[-47.92262,-15.71951],[-47.92341,-15.71887],[-47.92317,-15.71683],[-47.9229,-15.71641],[-47.9221,-15.71243],[-47.92182,-15.71041],[-47.92007,-15.70297],[-47.91484,-15.69348],[-47.91468,-15.69392],[-47.91315,-15.69592],[-47.91141,-15.69529],[-47.9114,-15.69468],[-47.91032,-15.6945],[-47.91026,-15.69373],[-47.90839,-15.69347],[-47.90547,-15.69639],[-47.90211,-15.69479],[-47.87843,-15.68295],[-47.87594,-15.67958],[-47.87541,-15.69626],[-47.86758,-15.69229],[-47.86187,-15.68958],[-47.8595,-15.68823],[-47.86085,-15.68729],[-47.86473,-15.68394],[-47.88308,-15.66826],[-47.88366,-15.6678],[-47.90012,-15.65572],[-47.91201,-15.64696],[-47.92317,-15.63883],[-47.93193,-15.6324],[-47.95657,-15.61432],[-47.96154,-15.61058],[-47.9705,-15.60374],[-47.97452,-15.60071],[-48.00176,-15.58005],[-48.0041,-15.5787],[-48.00615,-15.57812],[-48.00933,-15.57804],[-48.01073,-15.5783],[-48.01275,-15.57908],[-48.01416,-15.57994],[-48.017,-15.5824],[-48.02612,-15.59027],[-48.02755,-15.59164],[-48.02916,-15.59344],[-48.03387,-15.59913],[-48.03846,-15.60477],[-48.04352,-15.6109],[-48.04509,-15.61246],[-48.04635,-15.61342],[-48.04862,-15.61475],[-48.05947,-15.61975],[-48.07,-15.62456],[-48.07208,-15.62593],[-48.07355,-15.62726],[-48.07528,-15.6295],[-48.07632,-15.63154],[-48.07682,-15.63305],[-48.0793,-15.64168],[-48.08568,-15.6636],[-48.08922,-15.67587],[-48.08964,-15.67784],[-48.08968,-15.68041],[-48.08835,-15.69846],[-48.08675,-15.72042],[-48.08652,-15.72315],[-48.08563,-15.7265],[-48.0848,-15.72821],[-48.08368,-15.72982],[-48.08128,-15.73201],[-48.07802,-15.73414],[-48.07574,-15.7354],[-48.07291,-15.73646],[-48.07049,-15.73702],[-48.06403,-15.73797],[-48.0619,-15.7385],[-48.06007,-15.73915],[-48.0574,-15.7405],[-48.05589,-15.74149],[-48.05403,-15.74301],[-48.05245,-15.74464],[-48.05062,-15.74712],[-48.04995,-15.7483],[-48.04762,-15.75371],[-48.01719,-15.75156],[-48.01138,-15.7528],[-48.00691,-15.7539],[-48.00473,-15.75475],[-48.00362,-15.75544],[-47.99941,-15.76006],[-47.98878,-15.77146],[-47.97836,-15.78251],[-47.97734,-15.78209],[-47.97123,-15.77664],[-47.97564,-15.77201],[-47.97583,-15.76604],[-47.9763,-15.76419],[-47.97609,-15.76322],[-47.97275,-15.75584],[-47.96957,-15.75262],[-47.96332,-15.74886],[-47.949,-15.74775],[-47.94234,-15.74791],[-47.92794,-15.74023],[-47.92112,-15.74418],[-47.92116,-15.74262],[-47.9195,-15.73997],[-47.91733,-15.74001],[-47.91701,-15.74019],[-47.93404,-15.76756],[-47.93627,-15.77125],[-47.93704,-15.773],[-47.93851,-15.77727]]]},"properties":{"ra_nome":"PLANO PILOTO"}},
{"type":"Feature","geometry":{"type":"Polygon","coordinates":[[[-47.79007,-15.72751],[-47.78162,-15.72444],[-47.78135,-15.72397],[-47.7786,-15.72444],[-47.77667,-15.72451],[-47.77413,-15.72408],[-47.77281,-15.7236],[-47.77114,-15.72265],[-47.76987,-15.72164],[-47.76187,-15.71325],[-47.76177,-15.71396],[-47.76039,-15.71487],[-47.75956,-15.715],[-47.75923,-15.71566],[-47.75737,-15.71765],[-47.7564,-15.71753],[-47.75563,-15.7181],[-47.75408,-15.71815],[-47.753,-15.71907],[-47.75214,-15.71942],[-47.75105,-15.72037],[-47.75101,-15.72095],[-47.75008,-15.72183],[-47.74797,-15.72319],[-47.74751,-15.724],[-47.74579,-15.72398],[-47.74441,-15.72451],[-47.74447,-15.72519],[-47.7437,-15.72572],[-47.7435,-15.72669],[-47.74258,-15.72765],[-47.74182,-15.72749],[-47.73995,-15.7279],[-47.73822,-15.7277],[-47.73696,-15.72791],[-47.73531,-15.72672],[-47.7343,-15.72679],[-47.73328,-15.72625],[-47.73068,-15.72701],[-47.72934,-15.72834],[-47.7285,-15.72779],[-47.7277,-15.72787],[-47.72536,-15.7268],[-47.72381,-15.7266],[-47.72305,-15.72685],[-47.72106,-15.7265],[-47.7196,-15.72532],[-47.71872,-15.72557],[-47.71803,-15.72699],[-47.71663,-15.7271],[-47.71539,-15.72772],[-47.71457,-15.72768],[-47.71334,-15.72833],[-47.71245,-15.72777],[-47.71107,-15.72747],[-47.70991,-15.72668],[-47.70943,-15.72752],[-47.70716,-15.72688],[-47.70508,-15.72709],[-47.70387,-15.72627],[-47.70332,-15.72636],[-47.7026,-15.72774],[-47.70261,-15.72836],[-47.70121,-15.72838],[-47.70089,-15.72737],[-47.70001,-15.72756],[-47.69872,-15.72711],[-47.69837,-15.72737],[-47.69656,-15.72698],[-47.69525,-15.72618],[-47.693,-15.72585],[-47.69126,-15.72649],[-47.69064,-15.72632],[-47.68948,-15.72695],[-47.68837,-15.72865],[-47.68743,-15.72941],[-47.68511,-15.73044],[-47.68497,-15.73104],[-47.684,-15.73103],[-47.68307,-15.73153],[-47.68293,-15.73215],[-47.68176,-15.73213],[-47.68146,-15.73288],[-47.67992,-15.734],[-47.67869,-15.73375],[-47.67828,-15.73268],[-47.6772,-15.73192],[-47.67632,-15.7326],[-47.67586,-15.7323],[-47.67463,-15.73107],[-47.67547,-15.73046],[-47.674,-15.72968],[-47.67366,-15.72873],[-47.67474,-15.72754],[-47.67529,-15.72775],[-47.67564,-15.72678],[-47.67657,-15.72628],[-47.67669,-15.72524],[-47.67616,-15.72483],[-47.67611,-15.72364],[-47.67462,-15.72311],[-47.67461,-15.72235],[-47.67584,-15.72222],[-47.67612,-15.72265],[-47.67662,-15.72159],[-47.67507,-15.72061],[-47.67546,-15.71968],[-47.67616,-15.71932],[-47.67567,-15.71743],[-47.67478,-15.71713],[-47.67395,-15.71734],[-47.67379,-15.7165],[-47.67503,-15.71593],[-47.67589,-15.71407],[-47.67559,-15.71301],[-47.6751,-15.71273],[-47.67437,-15.71152],[-47.67286,-15.71064],[-47.67334,-15.71046],[-47.67338,-15.70935],[-47.67426,-15.70896],[-47.67459,-15.70987],[-47.67471,-15.70884],[-47.67542,-15.70867],[-47.6758,-15.70774],[-47.6766,-15.70709],[-47.67774,-15.70736],[-47.67875,-15.70636],[-47.68008,-15.70577],[-47.68021,-15.70525],[-47.68182,-15.7051],[-47.68199,-15.70466],[-47.68354,-15.70441],[-47.68415,-15.70375],[-47.68614,-15.70329],[-47.68833,-15.70339],[-47.68992,-15.70308],[-47.69085,-15.7022],[-47.69173,-15.7018],[-47.69268,-15.70195],[-47.69268,-15.70126],[-47.69528,-15.70061],[-47.69631,-15.69969],[-47.6978,-15.69929],[-47.70158,-15.69924],[-47.70327,-15.70023],[-47.7043,-15.70042],[-47.70488,-15.69986],[-47.70592,-15.7001],[-47.70779,-15.69997],[-47.70948,-15.70034],[-47.71111,-15.69972],[-47.71328,-15.69915],[-47.71497,-15.69823],[-47.71575,-15.69845],[-47.71707,-15.69732],[-47.71888,-15.69782],[-47.72175,-15.69689],[-47.7239,-15.69717],[-47.72766,-15.69834],[-47.72941,-15.69863],[-47.73144,-15.69843],[-47.73152,-15.69791],[-47.73246,-15.69787],[-47.73445,-15.69614],[-47.73498,-15.69586],[-47.73588,-15.69437],[-47.73701,-15.69337],[-47.73953,-15.69168],[-47.74113,-15.6893],[-47.74205,-15.68893],[-47.74252,-15.68833],[-47.74349,-15.68793],[-47.74379,-15.6874],[-47.74643,-15.68614],[-47.74641,-15.6852],[-47.74707,-15.68317],[-47.74655,-15.68051],[-47.74575,-15.67809],[-47.74435,-15.67622],[-47.74357,-15.67631],[-47.74229,-15.67532],[-47.74085,-15.67542],[-47.7402,-15.67469],[-47.7443,-15.67143],[-47.74398,-15.67099],[-47.73788,-15.6646],[-47.74074,-15.65975],[-47.75232,-15.64026],[-47.75301,-15.63961],[-47.75679,-15.63129],[-47.7598,-15.6248],[-47.75947,-15.62105],[-47.76061,-15.61737],[-47.76279,-15.61573],[-47.76841,-15.6124],[-47.77273,-15.60951],[-47.77449,-15.60806],[-47.77491,-15.60696],[-47.78118,-15.60081],[-47.78049,-15.59336],[-47.7729,-15.59401],[-47.76561,-15.59239],[-47.76323,-15.59141],[-47.76455,-15.58976],[-47.76753,-15.5899],[-47.76887,-15.58958],[-47.76917,-15.58881],[-47.76704,-15.58804],[-47.76539,-15.58796],[-47.76461,-15.58763],[-47.76579,-15.58554],[-47.76608,-15.58355],[-47.76477,-15.58065],[-47.76276,-15.57962],[-47.76136,-15.57961],[-47.76073,-15.57928],[-47.76024,-15.57806],[-47.76067,-15.57474],[-47.76011,-15.57299],[-47.7611,-15.57292],[-47.76156,-15.57209],[-47.76234,-15.57226],[-47.76329,-15.57125],[-47.76262,-15.57006],[-47.76233,-15.56781],[-47.76374,-15.56646],[-47.76418,-15.56513],[-47.76581,-15.56514],[-47.76673,-15.56459],[-47.76644,-15.56366],[-47.76727,-15.56185],[-47.76712,-15.56074],[-47.76645,-15.56013],[-47.76638,-15.55923],[-47.7659,-15.55855],[-47.76443,-15.55805],[-47.76358,-15.55933],[-47.76163,-15.55844],[-47.76088,-15.55747],[-47.75938,-15.55676],[-47.75859,-15.5553],[-47.75614,-15.55426],[-47.75521,-15.55259],[-47.75555,-15.55172],[-47.75492,-15.55132],[-47.75482,-15.55031],[-47.75661,-15.54871],[-47.75631,-15.54633],[-47.75588,-15.54595],[-47.75561,-15.54467],[-47.75435,-15.54355],[-47.75368,-15.54403],[-47.75308,-15.54205],[-47.75225,-15.54281],[-47.75173,-15.54133],[-47.75219,-15.54097],[-47.7513,-15.53972],[-47.75026,-15.53957],[-47.75007,-15.53872],[-47.75068,-15.53869],[-47.75067,-15.53794],[-47.75152,-15.53742],[-47.75158,-15.53647],[-47.75119,-15.53496],[-47.75196,-15.53466],[-47.7526,-15.53326],[-47.75322,-15.53346],[-47.75292,-15.53266],[-47.75418,-15.53227],[-47.75443,-15.53107],[-47.75373,-15.53028],[-47.75372,-15.52964],[-47.75456,-15.52957],[-47.75531,-15.52867],[-47.75593,-15.52922],[-47.75647,-15.52834],[-47.7576,-15.52879],[-47.75733,-15.52928],[-47.75787,-15.53028],[-47.75905,-15.53068],[-47.75989,-15.52856],[-47.75933,-15.52799],[-47.75973,-15.52747],[-47.76019,-15.52843],[-47.76016,-15.52703],[-47.76085,-15.52756],[-47.76192,-15.52726],[-47.7617,-15.52822],[-47.76273,-15.52864],[-47.76346,-15.52831],[-47.76379,-15.52734],[-47.76551,-15.5276],[-47.76788,-15.52678],[-47.7698,-15.52657],[-47.77119,-15.5271],[-47.77316,-15.52853],[-47.77467,-15.52924],[-47.77588,-15.52953],[-47.77764,-15.52954],[-47.78003,-15.52907],[-47.79053,-15.52461],[-47.79267,-15.52435],[-47.80192,-15.52558],[-47.80353,-15.52562],[-47.80533,-15.52529],[-47.81,-15.52369],[-47.8114,-15.52341],[-47.8131,-15.5234],[-47.81501,-15.52378],[-47.82132,-15.52628],[-47.82944,-15.52956],[-47.8316,-15.53009],[-47.83477,-15.5303],[-47.83544,-15.53077],[-47.83593,-15.53219],[-47.83654,-15.53966],[-47.83654,-15.54144],[-47.83624,-15.54355],[-47.83543,-15.54724],[-47.83534,-15.54815],[-47.83595,-15.55016],[-47.84109,-15.55717],[-47.8406,-15.55796],[-47.84086,-15.55894],[-47.84075,-15.5602],[-47.8403,-15.56127],[-47.83899,-15.56218],[-47.83887,-15.56346],[-47.83922,-15.56481],[-47.84028,-15.56571],[-47.84085,-15.56562],[-47.84087,-15.56659],[-47.84004,-15.56779],[-47.83997,-15.56859],[-47.83912,-15.56899],[-47.83946,-15.57148],[-47.84156,-15.57212],[-47.84159,-15.57249],[-47.84288,-15.5725],[-47.8439,-15.57375],[-47.84353,-15.57507],[-47.84255,-15.57688],[-47.8435,-15.57863],[-47.84295,-15.57989],[-47.84315,-15.58119],[-47.84388,-15.58157],[-47.8436,-15.58285],[-47.84419,-15.58345],[-47.84394,-15.58445],[-47.84402,-15.58637],[-47.84376,-15.58743],[-47.84229,-15.58843],[-47.84097,-15.5886],[-47.84095,-15.58901],[-47.84228,-15.5894],[-47.84304,-15.59013],[-47.84234,-15.59072],[-47.83736,-15.59293],[-47.83669,-15.59367],[-47.83608,-15.59626],[-47.83582,-15.59835],[-47.83435,-15.59929],[-47.83414,-15.59976],[-47.83395,-15.60261],[-47.83034,-15.60283],[-47.82876,-15.6047],[-47.8204,-15.61086],[-47.81972,-15.61174],[-47.81846,-15.61571],[-47.81576,-15.62078],[-47.81604,-15.62151],[-47.81713,-15.62179],[-47.81859,-15.6215],[-47.82016,-15.62155],[-47.82229,-15.62234],[-47.82364,-15.62354],[-47.82454,-15.62514],[-47.82481,-15.62646],[-47.82466,-15.63067],[-47.8241,-15.63256],[-47.82287,-15.63459],[-47.82259,-15.63565],[-47.82186,-15.63691],[-47.8209,-15.63991],[-47.81966,-15.64132],[-47.81226,-15.64343],[-47.81196,-15.64477],[-47.81276,-15.64541],[-47.81281,-15.64615],[-47.8139,-15.64721],[-47.81459,-15.64828],[-47.81597,-15.64981],[-47.81643,-15.6524],[-47.81744,-15.65376],[-47.81557,-15.65715],[-47.81458,-15.65743],[-47.81326,-15.65941],[-47.81231,-15.66122],[-47.81231,-15.66292],[-47.81082,-15.66405],[-47.80904,-15.66636],[-47.81259,-15.66804],[-47.81652,-15.67068],[-47.82661,-15.67763],[-47.82889,-15.67889],[-47.82987,-15.67925],[-47.85401,-15.68698],[-47.85527,-15.68736],[-47.8595,-15.68823],[-47.85808,-15.68922],[-47.85255,-15.69216],[-47.85015,-15.69281],[-47.8489,-15.69285],[-47.83888,-15.69288],[-47.83757,-15.69297],[-47.83585,-15.6934],[-47.83412,-15.69428],[-47.79422,-15.72165],[-47.79232,-15.72319],[-47.79102,-15.72514],[-47.79007,-15.72751]]]},"properties":{"ra_nome":"SOBRADINHO"}},
{"type":"Feature","geometry":{"type":"Polygon","coordinates":[[[-47.99211,-15.80608],[-47.99287,-15.81098],[-47.99491,-15.81095],[-47.99592,-15.81126],[-48.00487,-15.81455],[-48.00412,-15.81582],[-48.00139,-15.81726],[-48.00085,-15.8178],[-48.00038,-15.81806],[-48.00012,-15.82029],[-47.99737,-15.8226],[-47.99631,-15.82307],[-47.99588,-15.82411],[-47.99658,-15.82548],[-47.99638,-15.82667],[-47.99548,-15.82723],[-47.99516,-15.82802],[-47.99556,-15.82958],[-47.99514,-15.82981],[-47.99538,-15.83125],[-47.99478,-15.83219],[-47.99362,-15.83257],[-47.99314,-15.83384],[-47.99313,-15.83557],[-47.99242,-15.8371],[-47.99193,-15.83713],[-47.9916,-15.8381],[-47.99178,-15.83921],[-47.98992,-15.84132],[-47.99023,-15.84264],[-47.98983,-15.84406],[-47.99005,-15.84484],[-47.98938,-15.84591],[-47.98965,-15.84625],[-47.98844,-15.84711],[-47.98844,-15.84743],[-47.9864,-15.84755],[-47.98571,-15.84783],[-47.98441,-15.8506],[-47.98382,-15.85022],[-47.9817,-15.85028],[-47.98093,-15.8519],[-47.97959,-15.85294],[-47.97926,-15.85496],[-47.97772,-15.85701],[-47.97775,-15.8578],[-47.9756,-15.85921],[-47.97497,-15.85877],[-47.97311,-15.8588],[-47.97279,-15.85939],[-47.97187,-15.8594],[-47.97155,-15.86006],[-47.9718,-15.86159],[-47.97106,-15.86172],[-47.97074,-15.86111],[-47.97016,-15.86164],[-47.96682,-15.8609],[-47.96633,-15.86156],[-47.96518,-15.86178],[-47.96438,-15.86262],[-47.96346,-15.86261],[-47.96313,-15.86359],[-47.96221,-15.86428],[-47.96046,-15.86341],[-47.96026,-15.86385],[-47.95935,-15.86339],[-47.95965,-15.86295],[-47.96266,-15.86092],[-47.96169,-15.85375],[-47.95647,-15.85448],[-47.95548,-15.84825],[-47.95455,-15.84839],[-47.9533,-15.84058],[-47.95194,-15.83231],[-47.95054,-15.82323],[-47.9484,-15.81015],[-47.95207,-15.80957],[-47.96682,-15.80736],[-47.96892,-15.80736],[-47.9705,-15.80807],[-47.9707,-15.80755],[-47.97029,-15.80494],[-47.97182,-15.80471],[-47.97183,-15.80375],[-47.97961,-15.80254],[-47.98034,-15.80112],[-47.98136,-15.80093],[-47.98203,-15.79963],[-47.98554,-15.80141],[-47.98645,-15.80199],[-47.98851,-15.80373],[-47.9907,-15.80465],[-47.9913,-15.80618],[-47.99211,-15.80608]]]},"properties":{"ra_nome":"GUARÁ"}},
{"type":"Feature","geometry":{"type":"Polygon","coordinates":[[[-47.94618,-15.80015],[-47.94167,-15.80159],[-47.94041,-15.80232],[-47.93754,-15.80648],[-47.93299,-15.80363],[-47.93274,-15.80136],[-47.93241,-15.80116],[-47.9332,-15.79992],[-47.93347,-15.79891],[-47.93349,-15.79366],[-47.93333,-15.79198],[-47.93103,-15.78539],[-47.92927,-15.78015],[-47.93851,-15.77727],[-47.94117,-15.78513],[-47.94618,-15.80015]]]},"properties":{"ra_nome":"CRUZEIRO"}},
{"type":"Feature","geometry":{"type":"Polygon","coordinates":[[[-47.9836,-15.92502],[-47.9835,-15.92441],[-47.98226,-15.92304],[-47.98169,-15.92161],[-47.98189,-15.92079],[-47.98181,-15.91909],[-47.98195,-15.91704],[-47.98316,-15.91551],[-47.98396,-15.91387],[-47.98382,-15.91213],[-47.98445,-15.90985],[-47.98623,-15.90699],[-47.98569,-15.90501],[-47.98763,-15.9028],[-47.98759,-15.90094],[-47.98795,-15.90105],[-47.9879,-15.89964],[-47.98718,-15.8993],[-47.98768,-15.89891],[-47.98768,-15.89816],[-47.98877,-15.89623],[-47.98922,-15.89385],[-47.98873,-15.8923],[-47.98922,-15.89188],[-47.98858,-15.89137],[-47.98896,-15.89092],[-47.98906,-15.88971],[-47.98841,-15.88906],[-47.9889,-15.88713],[-47.9886,-15.88574],[-47.9879,-15.88432],[-47.98667,-15.88347],[-47.98495,-15.88275],[-47.98392,-15.88179],[-47.98307,-15.88225],[-47.98108,-15.88125],[-47.98105,-15.88098],[-47.97902,-15.88053],[-47.97966,-15.87931],[-47.98017,-15.87726],[-47.98077,-15.87819],[-47.98216,-15.87788],[-47.98351,-15.87809],[-47.98635,-15.87746],[-47.9881,-15.87789],[-47.99235,-15.87808],[-47.9942,-15.87866],[-47.99602,-15.87977],[-48.00024,-15.87992],[-48.00048,-15.87727],[-48.01153,-15.87823],[-48.01329,-15.87813],[-48.02368,-15.87666],[-48.02776,-15.87591],[-48.03837,-15.8744],[-48.03985,-15.87696],[-48.03947,-15.88033],[-48.04002,-15.88223],[-48.03928,-15.88304],[-48.03859,-15.88306],[-48.03574,-15.88523],[-48.03474,-15.88572],[-48.035,-15.88611],[-48.03423,-15.88772],[-48.03261,-15.88788],[-48.0324,-15.8883],[-48.03092,-15.88906],[-48.03027,-15.8897],[-48.02891,-15.89022],[-48.02782,-15.89033],[-48.02697,-15.89112],[-48.02682,-15.89172],[-48.02584,-15.89251],[-48.0251,-15.89368],[-48.02506,-15.89426],[-48.02366,-15.89535],[-48.02226,-15.89786],[-48.02144,-15.8974],[-48.02099,-15.89866],[-48.02054,-15.89833],[-48.0189,-15.90012],[-48.01825,-15.90022],[-48.01754,-15.90177],[-48.0164,-15.90215],[-48.01448,-15.90388],[-48.01426,-15.90435],[-48.01158,-15.90606],[-48.00966,-15.90628],[-48.00926,-15.90736],[-48.0073,-15.90887],[-48.00561,-15.90891],[-48.00419,-15.90957],[-48.00263,-15.91159],[-48.00272,-15.91313],[-48.00048,-15.91633],[-48.00085,-15.91733],[-47.99967,-15.91835],[-48.00089,-15.92062],[-47.99963,-15.92166],[-47.99731,-15.92055],[-47.99475,-15.92013],[-47.99372,-15.92026],[-47.99238,-15.92119],[-47.98941,-15.92241],[-47.9882,-15.92353],[-47.98683,-15.92401],[-47.9853,-15.92496],[-47.9836,-15.92502]]]},"properties":{"ra_nome":"RIACHO FUNDO"}},
{"type":"Feature","geometry":{"type":"Polygon","coordinates":[[[-48.08766,-15.85124],[-48.08632,-15.85073],[-48.08429,-15.84908],[-48.08412,-15.84853],[-48.08342,-15.84852],[-48.0836,-15.84782],[-48.08289,-15.84695],[-48.08212,-15.84682],[-48.08041,-15.84597],[-48.07979,-15.84607],[-48.07897,-15.84545],[-48.07761,-15.84495],[-48.07625,-15.84371],[-48.07533,-15.8437],[-48.07524,-15.8454],[-48.0745,-15.8479],[-48.0731,-15.84739],[-48.07175,-15.84858],[-48.06949,-15.85213],[-48.06936,-15.85207],[-48.06764,-15.85162],[-48.06762,-15.85235],[-48.06616,-15.85449],[-48.06537,-15.85615],[-48.06438,-15.8572],[-48.06177,-15.85858],[-48.0607,-15.85869],[-48.05948,-15.8584],[-48.05713,-15.85743],[-48.05654,-15.85743],[-48.0544,-15.85651],[-48.05382,-15.85696],[-48.05024,-15.85547],[-48.04971,-15.85722],[-48.04889,-15.85813],[-48.04797,-15.85968],[-48.04743,-15.85948],[-48.04509,-15.86164],[-48.04472,-15.86145],[-48.04368,-15.86338],[-48.04002,-15.86355],[-48.03747,-15.86819],[-48.04771,-15.87504],[-48.04745,-15.87539],[-48.04563,-15.87428],[-48.04385,-15.87383],[-48.04237,-15.87382],[-48.03837,-15.8744],[-48.02776,-15.87591],[-48.03062,-15.87054],[-48.02552,-15.868],[-48.03021,-15.85933],[-48.02897,-15.8587],[-48.03056,-15.85572],[-48.03297,-15.84952],[-48.0331,-15.84896],[-48.03685,-15.85052],[-48.0456,-15.83422],[-48.04889,-15.83579],[-48.04942,-15.83477],[-48.0498,-15.83294],[-48.05033,-15.83186],[-48.05138,-15.83004],[-48.05297,-15.82886],[-48.05395,-15.827],[-48.05149,-15.82583],[-48.05235,-15.82349],[-48.05391,-15.8171],[-48.05427,-15.81425],[-48.05486,-15.81419],[-48.05475,-15.81228],[-48.05497,-15.81138],[-48.05631,-15.8081],[-48.05431,-15.80707],[-48.05634,-15.80573],[-48.05622,-15.80423],[-48.05556,-15.80332],[-48.05435,-15.79894],[-48.05358,-15.79754],[-48.0523,-15.79285],[-48.05155,-15.79186],[-48.05346,-15.79225],[-48.05177,-15.78835],[-48.05139,-15.78723],[-48.04771,-15.77883],[-48.04633,-15.77539],[-48.04572,-15.77332],[-48.04551,-15.77241],[-48.04543,-15.77203],[-48.04529,-15.77132],[-48.04487,-15.76747],[-48.04488,-15.76514],[-48.04528,-15.76123],[-48.04598,-15.75814],[-48.04661,-15.75618],[-48.04762,-15.75371],[-48.04995,-15.7483],[-48.05062,-15.74712],[-48.05245,-15.74464],[-48.05403,-15.74301],[-48.05589,-15.74149],[-48.0574,-15.7405],[-48.06007,-15.73915],[-48.0619,-15.7385],[-48.06403,-15.73797],[-48.07049,-15.73702],[-48.07291,-15.73646],[-48.07367,-15.73759],[-48.07269,-15.73887],[-48.07217,-15.74037],[-48.07251,-15.74137],[-48.07151,-15.74241],[-48.07071,-15.74439],[-48.06979,-15.74569],[-48.06841,-15.74715],[-48.0678,-15.74873],[-48.06774,-15.74967],[-48.06681,-15.75021],[-48.06715,-15.7511],[-48.06659,-15.75195],[-48.06574,-15.75395],[-48.06585,-15.75544],[-48.06643,-15.7569],[-48.06721,-15.75783],[-48.0683,-15.75853],[-48.06876,-15.75943],[-48.07125,-15.75867],[-48.07259,-15.75902],[-48.07573,-15.75794],[-48.07698,-15.75711],[-48.08045,-15.75821],[-48.08146,-15.75926],[-48.08424,-15.76004],[-48.08529,-15.76011],[-48.0872,-15.76131],[-48.08863,-15.76155],[-48.08971,-15.7625],[-48.09133,-15.76349],[-48.09487,-15.76514],[-48.09631,-15.76527],[-48.09755,-15.76587],[-48.09916,-15.76529],[-48.10267,-15.76685],[-48.10523,-15.76757],[-48.10767,-15.76925],[-48.10867,-15.76904],[-48.1109,-15.77026],[-48.11192,-15.77044],[-48.11133,-15.77118],[-48.11045,-15.77108],[-48.11007,-15.77156],[-48.10881,-15.77195],[-48.10772,-15.77175],[-48.10638,-15.77228],[-48.10615,-15.77298],[-48.10526,-15.77371],[-48.10543,-15.77452],[-48.10508,-15.77529],[-48.10414,-15.77526],[-48.1025,-15.77842],[-48.10265,-15.78041],[-48.10359,-15.78099],[-48.10291,-15.78331],[-48.1031,-15.78506],[-48.10294,-15.78585],[-48.10331,-15.78649],[-48.10427,-15.78704],[-48.10591,-15.7891],[-48.10706,-15.78981],[-48.10726,-15.7905],[-48.10825,-15.79013],[-48.11102,-15.79401],[-48.11242,-15.79452],[-48.1086,-15.79955],[-48.1076,-15.79884],[-48.10674,-15.79994],[-48.10173,-15.80537],[-48.10145,-15.80531],[-48.09667,-15.8117],[-48.09466,-15.81579],[-48.09402,-15.8168],[-48.09313,-15.81912],[-48.09319,-15.8196],[-48.09247,-15.82151],[-48.09331,-15.82182],[-48.09189,-15.82533],[-48.08787,-15.83587],[-48.09146,-15.83703],[-48.0933,-15.83773],[-48.09189,-15.84189],[-48.09068,-15.84148],[-48.09091,-15.84446],[-48.0907,-15.84592],[-48.08998,-15.84684],[-48.08766,-15.85124]]]},"properties":{"ra_nome":"TAGUATINGA"}},
{"type":"Feature","geometry":{"type":"Polygon","coordinates":[[[-47.89142,-15.70737],[-47.88938,-15.70749],[-47.88938,-15.70812],[-47.88814,-15.70894],[-47.88686,-15.70912],[-47.88471,-15.70997],[-47.88423,-15.71056],[-47.8806,-15.71187],[-47.87995,-15.71222],[-47.87901,-15.71186],[-47.87806,-15.71251],[-47.87824,-15.71403],[-47.87716,-15.71455],[-47.87705,-15.71508],[-47.87438,-15.7158],[-47.87498,-15.71636],[-47.87368,-15.7168],[-47.86988,-15.71917],[-47.86968,-15.71951],[-47.8681,-15.71646],[-47.87123,-15.71554],[-47.87051,-15.71461],[-47.87078,-15.71354],[-47.87341,-15.71257],[-47.87408,-15.71135],[-47.87158,-15.70954],[-47.87231,-15.70798],[-47.8752,-15.70726],[-47.87688,-15.70744],[-47.88155,-15.70483],[-47.88474,-15.70147],[-47.89198,-15.70697],[-47.89142,-15.70737]]]},"properties":{"ra_nome":"VARJÃO"}},
{"type":"Feature","geometry":{"type":"Polygon","coordinates":[[[-47.97734,-15.78209],[-47.97836,-15.78251],[-47.98878,-15.77146],[-47.99941,-15.76006],[-48.00362,-15.75544],[-48.00473,-15.75475],[-48.00511,-15.7583],[-48.00544,-15.75903],[-48.00616,-15.75919],[-48.00683,-15.76108],[-48.00663,-15.7617],[-48.00715,-15.7624],[-48.00727,-15.76491],[-48.00656,-15.76616],[-48.00677,-15.76843],[-48.00667,-15.76942],[-48.0062,-15.77008],[-48.00638,-15.77289],[-48.00674,-15.77346],[-48.00649,-15.77478],[-48.00661,-15.77595],[-48.00607,-15.77632],[-48.0061,-15.77841],[-48.00548,-15.78062],[-48.00489,-15.78129],[-48.00397,-15.78377],[-48.0042,-15.78434],[-48.003,-15.78578],[-48.00302,-15.78625],[-47.99979,-15.78615],[-47.99733,-15.78623],[-47.99389,-15.78655],[-47.98976,-15.78727],[-47.98643,-15.78813],[-47.98187,-15.78974],[-47.97826,-15.7914],[-47.97196,-15.79486],[-47.97019,-15.79553],[-47.96796,-15.79451],[-47.9661,-15.7943],[-47.96609,-15.7938],[-47.97645,-15.78253],[-47.97734,-15.78209]]]},"properties":{"ra_nome":"SCIA"}},
{"type":"Feature","geometry":{"type":"Polygon","coordinates":[[[-48.01089,-15.84113],[-48.01224,-15.84163],[-48.01666,-15.84282],[-48.02185,-15.84502],[-48.0265,-15.84679],[-48.03297,-15.84952],[-48.03056,-15.85572],[-48.02897,-15.8587],[-48.03021,-15.85933],[-48.02552,-15.868],[-48.03062,-15.87054],[-48.02776,-15.87591],[-48.02368,-15.87666],[-48.01329,-15.87813],[-48.01153,-15.87823],[-48.00048,-15.87727],[-47.9921,-15.87651],[-47.99336,-15.87191],[-47.99333,-15.8712],[-47.99387,-15.869],[-47.99183,-15.86847],[-47.99143,-15.86802],[-47.99195,-15.86622],[-47.98654,-15.86478],[-47.98678,-15.86429],[-47.98831,-15.86276],[-47.98795,-15.86244],[-47.99056,-15.85987],[-47.99088,-15.86019],[-47.99456,-15.8566],[-47.99498,-15.85687],[-47.99646,-15.85537],[-47.99609,-15.85501],[-48.00064,-15.85042],[-47.99876,-15.84865],[-47.99987,-15.84642],[-48.00103,-15.84695],[-48.00195,-15.84831],[-48.00641,-15.85021],[-48.00764,-15.84728],[-48.00803,-15.84744],[-48.01089,-15.84113]]]},"properties":{"ra_nome":"ARNIQUEIRA"}},
{"type":"Feature","geometry":{"type":"Polygon","coordinates":[[[-47.67586,-15.7323],[-47.67452,-15.73314],[-47.67578,-15.73424],[-47.67468,-15.73437],[-47.67351,-15.73386],[-47.6703,-15.73074],[-47.66502,-15.72746],[-47.66343,-15.72698],[-47.66179,-15.72707],[-47.66046,-15.72743],[-47.66073,-15.72852],[-47.66435,-15.74572],[-47.66448,-15.74781],[-47.66429,-15.74902],[-47.66351,-15.751],[-47.65612,-15.76408],[-47.64255,-15.78819],[-47.64171,-15.79054],[-47.63891,-15.80041],[-47.63149,-15.82636],[-47.62364,-15.85399],[-47.62105,-15.86305],[-47.60592,-15.85898],[-47.60416,-15.85878],[-47.60294,-15.85892],[-47.56761,-15.86941],[-47.55792,-15.87232],[-47.55541,-15.87227],[-47.55348,-15.87156],[-47.53081,-15.85933],[-47.52044,-15.85376],[-47.51857,-15.85319],[-47.51651,-15.85322],[-47.50589,-15.85529],[-47.4801,-15.86044],[-47.47205,-15.8621],[-47.4672,-15.86306],[-47.46547,-15.86313],[-47.46391,-15.86284],[-47.46259,-15.86231],[-47.45605,-15.85837],[-47.4546,-15.85786],[-47.4532,-15.85769],[-47.45177,-15.85781],[-47.43652,-15.8613],[-47.42573,-15.86385],[-47.42302,-15.86415],[-47.42171,-15.86393],[-47.38788,-15.85696],[-47.3871,-15.85687],[-47.38607,-15.84975],[-47.38584,-15.84767],[-47.38529,-15.84599],[-47.38351,-15.84664],[-47.38328,-15.84711],[-47.38234,-15.84656],[-47.38251,-15.84542],[-47.38086,-15.84579],[-47.38089,-15.84633],[-47.38011,-15.84708],[-47.37932,-15.84629],[-47.37899,-15.84705],[-47.37836,-15.84715],[-47.37746,-15.84614],[-47.37739,-15.84681],[-47.37633,-15.84578],[-47.37627,-15.84629],[-47.37544,-15.84545],[-47.375,-15.84569],[-47.37405,-15.84534],[-47.3737,-15.84458],[-47.37277,-15.84499],[-47.37308,-15.84594],[-47.37122,-15.8462],[-47.37082,-15.84585],[-47.36962,-15.84505],[-47.36839,-15.84308],[-47.36846,-15.84183],[-47.36897,-15.84151],[-47.36988,-15.84176],[-47.37026,-15.84125],[-47.36808,-15.84023],[-47.36777,-15.8393],[-47.36815,-15.83812],[-47.36699,-15.83871],[-47.36691,-15.83732],[-47.36783,-15.83746],[-47.36803,-15.83567],[-47.36721,-15.83547],[-47.36676,-15.83598],[-47.36638,-15.83738],[-47.36605,-15.83753],[-47.36544,-15.83508],[-47.36616,-15.83516],[-47.36623,-15.8345],[-47.36495,-15.83413],[-47.36562,-15.83349],[-47.36655,-15.83336],[-47.36568,-15.83302],[-47.36652,-15.832],[-47.36586,-15.83186],[-47.36593,-15.83031],[-47.36666,-15.83015],[-47.36667,-15.82947],[-47.36737,-15.82839],[-47.36639,-15.82739],[-47.36486,-15.82787],[-47.36339,-15.82783],[-47.36213,-15.82703],[-47.3628,-15.8259],[-47.36304,-15.82487],[-47.36102,-15.8242],[-47.36027,-15.82352],[-47.36088,-15.82241],[-47.36068,-15.82143],[-47.35994,-15.82146],[-47.35896,-15.82258],[-47.35945,-15.82286],[-47.35929,-15.82364],[-47.35801,-15.82412],[-47.35709,-15.82382],[-47.35726,-15.82292],[-47.35795,-15.82295],[-47.35827,-15.82224],[-47.35723,-15.82217],[-47.35587,-15.82357],[-47.35544,-15.82349],[-47.35455,-15.82179],[-47.35473,-15.82126],[-47.35587,-15.82085],[-47.35694,-15.82005],[-47.35658,-15.81961],[-47.35618,-15.82027],[-47.35486,-15.82017],[-47.35576,-15.81962],[-47.35613,-15.81866],[-47.35518,-15.81704],[-47.35343,-15.81844],[-47.35297,-15.81815],[-47.35306,-15.81694],[-47.35519,-15.81618],[-47.35457,-15.8155],[-47.35446,-15.81411],[-47.35283,-15.81509],[-47.35213,-15.81467],[-47.35276,-15.8145],[-47.35303,-15.81378],[-47.35219,-15.81191],[-47.35158,-15.81121],[-47.35097,-15.81142],[-47.35108,-15.8106],[-47.35056,-15.8107],[-47.34998,-15.8098],[-47.35033,-15.80827],[-47.35017,-15.80774],[-47.34925,-15.80785],[-47.349,-15.80844],[-47.34843,-15.80808],[-47.34847,-15.80687],[-47.34934,-15.80634],[-47.34824,-15.80618],[-47.34961,-15.80517],[-47.34962,-15.80397],[-47.34867,-15.80338],[-47.34781,-15.80393],[-47.3477,-15.80288],[-47.34714,-15.803],[-47.34698,-15.80379],[-47.3458,-15.80323],[-47.34548,-15.80247],[-47.34606,-15.80201],[-47.34592,-15.80094],[-47.34544,-15.8008],[-47.3452,-15.80184],[-47.34464,-15.80012],[-47.34529,-15.799],[-47.34595,-15.79864],[-47.3457,-15.79785],[-47.34499,-15.79872],[-47.34519,-15.79729],[-47.34468,-15.79738],[-47.34385,-15.79598],[-47.34335,-15.79697],[-47.34182,-15.79783],[-47.34264,-15.79619],[-47.34212,-15.79561],[-47.34241,-15.79492],[-47.34178,-15.79507],[-47.34118,-15.79421],[-47.34139,-15.79539],[-47.34103,-15.79549],[-47.34077,-15.79443],[-47.3398,-15.79518],[-47.34005,-15.79453],[-47.33918,-15.79308],[-47.33985,-15.79239],[-47.33884,-15.79144],[-47.33995,-15.79097],[-47.33975,-15.79034],[-47.33889,-15.79073],[-47.33909,-15.78992],[-47.33903,-15.7882],[-47.33743,-15.78676],[-47.33768,-15.78514],[-47.33735,-15.78487],[-47.33691,-15.78613],[-47.33656,-15.78559],[-47.33676,-15.7848],[-47.33585,-15.78547],[-47.33528,-15.78529],[-47.33599,-15.78403],[-47.33558,-15.78352],[-47.3365,-15.78332],[-47.33669,-15.78265],[-47.33625,-15.78146],[-47.33509,-15.78206],[-47.3344,-15.7813],[-47.33365,-15.78105],[-47.33294,-15.78153],[-47.33264,-15.78014],[-47.33147,-15.77932],[-47.33146,-15.77994],[-47.33081,-15.77995],[-47.33133,-15.77817],[-47.33078,-15.77658],[-47.33106,-15.77533],[-47.33028,-15.77519],[-47.33133,-15.77445],[-47.33138,-15.77372],[-47.32897,-15.77407],[-47.32983,-15.77324],[-47.32927,-15.77262],[-47.32892,-15.77348],[-47.32834,-15.77215],[-47.32747,-15.77219],[-47.32759,-15.7715],[-47.32826,-15.77129],[-47.32893,-15.77028],[-47.3284,-15.76961],[-47.32977,-15.76933],[-47.32929,-15.76797],[-47.32916,-15.76675],[-47.32867,-15.76693],[-47.32847,-15.76571],[-47.32761,-15.76575],[-47.32734,-15.76635],[-47.32651,-15.76612],[-47.3273,-15.76529],[-47.32642,-15.76522],[-47.32693,-15.76482],[-47.32691,-15.76408],[-47.32635,-15.76312],[-47.32574,-15.76295],[-47.32625,-15.76246],[-47.3254,-15.762],[-47.32588,-15.76155],[-47.32568,-15.76084],[-47.32526,-15.76153],[-47.32434,-15.76197],[-47.32396,-15.76084],[-47.32461,-15.7599],[-47.32413,-15.75958],[-47.32373,-15.75804],[-47.32273,-15.75844],[-47.32135,-15.75739],[-47.32098,-15.75636],[-47.32137,-15.75567],[-47.32207,-15.75564],[-47.32257,-15.75465],[-47.32049,-15.75542],[-47.31938,-15.75463],[-47.32002,-15.75387],[-47.31979,-15.75282],[-47.31897,-15.75185],[-47.31843,-15.75224],[-47.31857,-15.75095],[-47.318,-15.75029],[-47.31882,-15.75016],[-47.31852,-15.74946],[-47.31709,-15.74832],[-47.31737,-15.74748],[-47.31646,-15.74595],[-47.31607,-15.7465],[-47.31625,-15.74763],[-47.31485,-15.74808],[-47.31436,-15.7476],[-47.31497,-15.74731],[-47.31488,-15.7464],[-47.31417,-15.74629],[-47.31441,-15.74522],[-47.31367,-15.74488],[-47.31523,-15.74299],[-47.31345,-15.74269],[-47.31304,-15.74206],[-47.31412,-15.74166],[-47.31368,-15.74028],[-47.31464,-15.74028],[-47.31415,-15.73979],[-47.31452,-15.7393],[-47.31359,-15.73824],[-47.31447,-15.73725],[-47.31542,-15.73723],[-47.31554,-15.73633],[-47.31638,-15.73641],[-47.31695,-15.73693],[-47.31726,-15.73652],[-47.31671,-15.73578],[-47.31753,-15.73582],[-47.31735,-15.73495],[-47.31805,-15.73411],[-47.3189,-15.73554],[-47.3193,-15.73532],[-47.31896,-15.73445],[-47.31934,-15.7324],[-47.31807,-15.7327],[-47.31849,-15.73181],[-47.3179,-15.73144],[-47.31718,-15.73178],[-47.31706,-15.73127],[-47.31791,-15.73089],[-47.31745,-15.72962],[-47.31779,-15.72874],[-47.3188,-15.72832],[-47.31801,-15.72759],[-47.31862,-15.72662],[-47.31948,-15.72675],[-47.31951,-15.72618],[-47.31871,-15.72624],[-47.31808,-15.72504],[-47.31893,-15.72365],[-47.31947,-15.72392],[-47.31975,-15.72318],[-47.32079,-15.72302],[-47.32105,-15.72126],[-47.3204,-15.72097],[-47.32042,-15.71936],[-47.32075,-15.71857],[-47.31951,-15.71924],[-47.31978,-15.71787],[-47.3189,-15.71815],[-47.31866,-15.71714],[-47.31778,-15.71717],[-47.31689,-15.71607],[-47.31597,-15.7163],[-47.31525,-15.71537],[-47.31543,-15.71336],[-47.31593,-15.7129],[-47.31502,-15.71282],[-47.31511,-15.71183],[-47.3139,-15.71118],[-47.31419,-15.71025],[-47.31507,-15.71053],[-47.31542,-15.70968],[-47.31464,-15.70907],[-47.31406,-15.70949],[-47.31383,-15.70834],[-47.31417,-15.70784],[-47.31301,-15.70693],[-47.31419,-15.7068],[-47.31463,-15.70615],[-47.31383,-15.70635],[-47.31338,-15.70595],[-47.3147,-15.70514],[-47.31389,-15.70477],[-47.3142,-15.70391],[-47.31351,-15.70345],[-47.31442,-15.70345],[-47.31443,-15.70261],[-47.31357,-15.70167],[-47.314,-15.70152],[-47.31338,-15.69973],[-47.31369,-15.69822],[-47.31277,-15.69797],[-47.31252,-15.69719],[-47.31283,-15.6961],[-47.31388,-15.6959],[-47.31341,-15.69544],[-47.31367,-15.69481],[-47.31483,-15.6944],[-47.31552,-15.69523],[-47.31618,-15.69487],[-47.31653,-15.69354],[-47.31753,-15.6933],[-47.31676,-15.69206],[-47.31788,-15.69245],[-47.31844,-15.69217],[-47.31773,-15.69167],[-47.31784,-15.69023],[-47.3184,-15.69029],[-47.31839,-15.68926],[-47.31932,-15.68942],[-47.31977,-15.68891],[-47.31952,-15.6882],[-47.32075,-15.68769],[-47.32135,-15.6868],[-47.32182,-15.68777],[-47.32138,-15.68842],[-47.32183,-15.68912],[-47.32294,-15.68874],[-47.32303,-15.68939],[-47.32416,-15.68872],[-47.32561,-15.68845],[-47.32582,-15.68896],[-47.32981,-15.68793],[-47.32777,-15.6874],[-47.32774,-15.68667],[-47.32826,-15.68655],[-47.32834,-15.68518],[-47.32786,-15.6844],[-47.32821,-15.68327],[-47.32914,-15.68353],[-47.3287,-15.68423],[-47.32927,-15.6847],[-47.32983,-15.68402],[-47.33097,-15.6834],[-47.33144,-15.68361],[-47.33148,-15.68252],[-47.33197,-15.68133],[-47.33178,-15.68026],[-47.3308,-15.67969],[-47.33047,-15.6805],[-47.32999,-15.67984],[-47.32914,-15.67999],[-47.32906,-15.67908],[-47.32857,-15.67865],[-47.32913,-15.677],[-47.32854,-15.67708],[-47.32819,-15.67574],[-47.32724,-15.67538],[-47.32737,-15.67356],[-47.32776,-15.67271],[-47.32677,-15.67161],[-47.32777,-15.6711],[-47.3261,-15.66928],[-47.32716,-15.66766],[-47.32867,-15.66689],[-47.32843,-15.66624],[-47.32762,-15.66562],[-47.32682,-15.66604],[-47.32651,-15.66557],[-47.32696,-15.66487],[-47.32813,-15.66531],[-47.32751,-15.66424],[-47.32808,-15.66428],[-47.32858,-15.66349],[-47.32711,-15.66347],[-47.3268,-15.66136],[-47.32752,-15.66085],[-47.32859,-15.6613],[-47.32824,-15.66071],[-47.32793,-15.65889],[-47.32863,-15.6582],[-47.32954,-15.65834],[-47.3296,-15.65739],[-47.32886,-15.65785],[-47.32814,-15.65752],[-47.32904,-15.65721],[-47.32908,-15.65641],[-47.32851,-15.65473],[-47.32749,-15.6547],[-47.32731,-15.65371],[-47.32664,-15.65281],[-47.32705,-15.65194],[-47.32797,-15.65209],[-47.32825,-15.65134],[-47.32882,-15.65154],[-47.32917,-15.65059],[-47.32854,-15.65017],[-47.32779,-15.65053],[-47.32859,-15.64961],[-47.32809,-15.64921],[-47.32703,-15.64926],[-47.32753,-15.64807],[-47.32724,-15.6472],[-47.32781,-15.64728],[-47.32822,-15.64638],[-47.3289,-15.64635],[-47.32901,-15.64556],[-47.33047,-15.64598],[-47.33099,-15.64529],[-47.33077,-15.64444],[-47.33045,-15.64525],[-47.32959,-15.64451],[-47.32978,-15.64389],[-47.32925,-15.64311],[-47.32986,-15.64283],[-47.3297,-15.64177],[-47.33046,-15.64146],[-47.32973,-15.64069],[-47.33007,-15.6404],[-47.3298,-15.63906],[-47.33049,-15.63923],[-47.33085,-15.638],[-47.33079,-15.63716],[-47.33161,-15.63675],[-47.33075,-15.63588],[-47.3316,-15.63531],[-47.33256,-15.63303],[-47.33337,-15.63232],[-47.33288,-15.63146],[-47.3339,-15.62955],[-47.33273,-15.6294],[-47.33223,-15.6269],[-47.33103,-15.62624],[-47.33145,-15.62573],[-47.33049,-15.62482],[-47.33053,-15.62378],[-47.33015,-15.62296],[-47.33109,-15.62234],[-47.33053,-15.62169],[-47.33065,-15.62032],[-47.33008,-15.61955],[-47.3294,-15.61768],[-47.3287,-15.61819],[-47.3284,-15.61735],[-47.32917,-15.6168],[-47.32918,-15.61591],[-47.32808,-15.61468],[-47.32833,-15.6141],[-47.32777,-15.61341],[-47.32871,-15.61348],[-47.32803,-15.6127],[-47.3276,-15.61291],[-47.32623,-15.61026],[-47.32558,-15.61043],[-47.32485,-15.60803],[-47.32545,-15.60778],[-47.3247,-15.60639],[-47.32358,-15.6055],[-47.32361,-15.60376],[-47.32302,-15.60378],[-47.32322,-15.60293],[-47.323,-15.60093],[-47.32306,-15.59979],[-47.32255,-15.5994],[-47.32273,-15.59881],[-47.32195,-15.5987],[-47.32159,-15.59804],[-47.32053,-15.59816],[-47.3201,-15.59749],[-47.31878,-15.59723],[-47.31833,-15.59768],[-47.31788,-15.59703],[-47.31686,-15.59681],[-47.31589,-15.59701],[-47.31577,-15.59571],[-47.31611,-15.59433],[-47.31731,-15.59361],[-47.31755,-15.59221],[-47.31713,-15.59103],[-47.31725,-15.59023],[-47.31857,-15.58861],[-47.31861,-15.58715],[-47.31927,-15.58667],[-47.32049,-15.58694],[-47.32075,-15.58639],[-47.32126,-15.58687],[-47.32191,-15.58617],[-47.32283,-15.58621],[-47.32368,-15.5875],[-47.32488,-15.58784],[-47.32435,-15.58843],[-47.3248,-15.58909],[-47.32569,-15.58861],[-47.32648,-15.58912],[-47.32787,-15.58894],[-47.32852,-15.58849],[-47.32899,-15.58735],[-47.32991,-15.58611],[-47.33069,-15.58619],[-47.33171,-15.58718],[-47.33335,-15.58703],[-47.33421,-15.58751],[-47.33519,-15.5873],[-47.33532,-15.58676],[-47.33651,-15.58566],[-47.33778,-15.58533],[-47.33962,-15.58378],[-47.34056,-15.5837],[-47.34133,-15.58315],[-47.34153,-15.58243],[-47.34308,-15.5821],[-47.34365,-15.58134],[-47.34464,-15.58129],[-47.345,-15.58065],[-47.34704,-15.57901],[-47.34771,-15.5795],[-47.34907,-15.57909],[-47.3497,-15.57995],[-47.34959,-15.58057],[-47.35069,-15.5804],[-47.35222,-15.58067],[-47.35361,-15.58053],[-47.35612,-15.57961],[-47.35682,-15.57965],[-47.35748,-15.58075],[-47.35898,-15.58001],[-47.35977,-15.57932],[-47.36037,-15.57993],[-47.36138,-15.58014],[-47.36161,-15.57836],[-47.36198,-15.57775],[-47.36326,-15.57778],[-47.36498,-15.57828],[-47.36558,-15.57799],[-47.36646,-15.57863],[-47.36802,-15.57883],[-47.36859,-15.57927],[-47.37114,-15.57769],[-47.37218,-15.57758],[-47.37253,-15.57714],[-47.37356,-15.57727],[-47.37426,-15.57654],[-47.375,-15.57722],[-47.37589,-15.57661],[-47.37683,-15.57656],[-47.37736,-15.57575],[-47.3782,-15.57527],[-47.3785,-15.57427],[-47.37925,-15.57354],[-47.3791,-15.57263],[-47.37949,-15.5718],[-47.37968,-15.56979],[-47.37946,-15.56917],[-47.38058,-15.5683],[-47.38015,-15.56728],[-47.38082,-15.5666],[-47.38366,-15.56682],[-47.38448,-15.56738],[-47.38549,-15.5662],[-47.38626,-15.56708],[-47.38689,-15.56668],[-47.38717,-15.56721],[-47.38845,-15.56754],[-47.38941,-15.56746],[-47.39025,-15.56663],[-47.39043,-15.56471],[-47.39098,-15.56469],[-47.39144,-15.56253],[-47.39327,-15.56217],[-47.39363,-15.55995],[-47.39417,-15.55899],[-47.39374,-15.55832],[-47.39433,-15.55776],[-47.39532,-15.55788],[-47.39584,-15.55851],[-47.39688,-15.55761],[-47.39815,-15.55761],[-47.39916,-15.55728],[-47.39946,-15.55604],[-47.39901,-15.55549],[-47.39907,-15.55347],[-47.39819,-15.55337],[-47.39871,-15.55281],[-47.39885,-15.55145],[-47.39921,-15.55086],[-47.4005,-15.55155],[-47.40098,-15.5514],[-47.40129,-15.55035],[-47.40214,-15.55037],[-47.4029,-15.54955],[-47.40216,-15.54927],[-47.40229,-15.54777],[-47.40381,-15.54705],[-47.40574,-15.54672],[-47.40703,-15.5469],[-47.40824,-15.54789],[-47.40967,-15.5479],[-47.41105,-15.54698],[-47.4123,-15.54715],[-47.41413,-15.54817],[-47.41609,-15.54631],[-47.41724,-15.54623],[-47.41762,-15.54553],[-47.41841,-15.54508],[-47.41841,-15.50182],[-47.77207,-15.50237],[-47.77101,-15.5034],[-47.77111,-15.50456],[-47.77037,-15.507],[-47.77017,-15.50869],[-47.77132,-15.50905],[-47.77169,-15.50975],[-47.7712,-15.51058],[-47.77224,-15.51079],[-47.77249,-15.51208],[-47.77169,-15.51305],[-47.77124,-15.51428],[-47.77305,-15.51467],[-47.77302,-15.51391],[-47.77422,-15.51495],[-47.77352,-15.5148],[-47.77177,-15.51503],[-47.77231,-15.51533],[-47.77192,-15.51611],[-47.77079,-15.51566],[-47.77066,-15.51659],[-47.76989,-15.51722],[-47.76843,-15.51728],[-47.76807,-15.5191],[-47.76696,-15.51911],[-47.76784,-15.52088],[-47.76576,-15.52033],[-47.76574,-15.52162],[-47.76471,-15.51973],[-47.76422,-15.51956],[-47.76399,-15.5203],[-47.7629,-15.51985],[-47.7622,-15.51995],[-47.76223,-15.52086],[-47.76149,-15.52077],[-47.76159,-15.52284],[-47.76227,-15.52361],[-47.76195,-15.52434],[-47.76258,-15.52481],[-47.76305,-15.52399],[-47.76411,-15.52513],[-47.76359,-15.52546],[-47.76398,-15.52598],[-47.76379,-15.52734],[-47.76346,-15.52831],[-47.76273,-15.52864],[-47.7617,-15.52822],[-47.76192,-15.52726],[-47.76085,-15.52756],[-47.76016,-15.52703],[-47.76019,-15.52843],[-47.75973,-15.52747],[-47.75933,-15.52799],[-47.75989,-15.52856],[-47.75905,-15.53068],[-47.75787,-15.53028],[-47.75733,-15.52928],[-47.7576,-15.52879],[-47.75647,-15.52834],[-47.75593,-15.52922],[-47.75531,-15.52867],[-47.75456,-15.52957],[-47.75372,-15.52964],[-47.75373,-15.53028],[-47.75443,-15.53107],[-47.75418,-15.53227],[-47.75292,-15.53266],[-47.75322,-15.53346],[-47.7526,-15.53326],[-47.75196,-15.53466],[-47.75119,-15.53496],[-47.75158,-15.53647],[-47.75152,-15.53742],[-47.75067,-15.53794],[-47.75068,-15.53869],[-47.75007,-15.53872],[-47.75026,-15.53957],[-47.7513,-15.53972],[-47.75219,-15.54097],[-47.75173,-15.54133],[-47.75225,-15.54281],[-47.75308,-15.54205],[-47.75368,-15.54403],[-47.75435,-15.54355],[-47.75561,-15.54467],[-47.75588,-15.54595],[-47.75631,-15.54633],[-47.75661,-15.54871],[-47.75482,-15.55031],[-47.75492,-15.55132],[-47.75555,-15.55172],[-47.75521,-15.55259],[-47.75614,-15.55426],[-47.75859,-15.5553],[-47.75938,-15.55676],[-47.76088,-15.55747],[-47.76163,-15.55844],[-47.76358,-15.55933],[-47.76443,-15.55805],[-47.7659,-15.55855],[-47.76638,-15.55923],[-47.76645,-15.56013],[-47.76712,-15.56074],[-47.76727,-15.56185],[-47.76644,-15.56366],[-47.76673,-15.56459],[-47.76581,-15.56514],[-47.76418,-15.56513],[-47.76374,-15.56646],[-47.76233,-15.56781],[-47.76262,-15.57006],[-47.76329,-15.57125],[-47.76234,-15.57226],[-47.76156,-15.57209],[-47.7611,-15.57292],[-47.76011,-15.57299],[-47.76067,-15.57474],[-47.76024,-15.57806],[-47.76073,-15.57928],[-47.76136,-15.57961],[-47.76276,-15.57962],[-47.76477,-15.58065],[-47.76608,-15.58355],[-47.76579,-15.58554],[-47.76461,-15.58763],[-47.76539,-15.58796],[-47.76704,-15.58804],[-47.76917,-15.58881],[-47.76887,-15.58958],[-47.76753,-15.5899],[-47.76455,-15.58976],[-47.76323,-15.59141],[-47.76561,-15.59239],[-47.7729,-15.59401],[-47.78049,-15.59336],[-47.78118,-15.60081],[-47.77491,-15.60696],[-47.77449,-15.60806],[-47.77273,-15.60951],[-47.76841,-15.6124],[-47.76279,-15.61573],[-47.76061,-15.61737],[-47.75947,-15.62105],[-47.7598,-15.6248],[-47.75679,-15.63129],[-47.75301,-15.63961],[-47.75232,-15.64026],[-47.74074,-15.65975],[-47.73788,-15.6646],[-47.74398,-15.67099],[-47.7443,-15.67143],[-47.7402,-15.67469],[-47.74085,-15.67542],[-47.74229,-15.67532],[-47.74357,-15.67631],[-47.74435,-15.67622],[-47.74575,-15.67809],[-47.74655,-15.68051],[-47.74707,-15.68317],[-47.74641,-15.6852],[-47.74643,-15.68614],[-47.74379,-15.6874],[-47.74349,-15.68793],[-47.74252,-15.68833],[-47.74205,-15.68893],[-47.74113,-15.6893],[-47.73953,-15.69168],[-47.73701,-15.69337],[-47.73588,-15.69437],[-47.73498,-15.69586],[-47.73445,-15.69614],[-47.73246,-15.69787],[-47.73152,-15.69791],[-47.73144,-15.69843],[-47.72941,-15.69863],[-47.72766,-15.69834],[-47.7239,-15.69717],[-47.72175,-15.69689],[-47.71888,-15.69782],[-47.71707,-15.69732],[-47.71575,-15.69845],[-47.71497,-15.69823],[-47.71328,-15.69915],[-47.71111,-15.69972],[-47.70948,-15.70034],[-47.70779,-15.69997],[-47.70592,-15.7001],[-47.70488,-15.69986],[-47.7043,-15.70042],[-47.70327,-15.70023],[-47.70158,-15.69924],[-47.6978,-15.69929],[-47.69631,-15.69969],[-47.69528,-15.70061],[-47.69268,-15.70126],[-47.69268,-15.70195],[-47.69173,-15.7018],[-47.69085,-15.7022],[-47.68992,-15.70308],[-47.68833,-15.70339],[-47.68614,-15.70329],[-47.68415,-15.70375],[-47.68354,-15.70441],[-47.68199,-15.70466],[-47.68182,-15.7051],[-47.68021,-15.70525],[-47.68008,-15.70577],[-47.67875,-15.70636],[-47.67774,-15.70736],[-47.6766,-15.70709],[-47.6758,-15.70774],[-47.67542,-15.70867],[-47.67471,-15.70884],[-47.67459,-15.70987],[-47.67426,-15.70896],[-47.67338,-15.70935],[-47.67334,-15.71046],[-47.67286,-15.71064],[-47.67437,-15.71152],[-47.6751,-15.71273],[-47.67559,-15.71301],[-47.67589,-15.71407],[-47.67503,-15.71593],[-47.67379,-15.7165],[-47.67395,-15.71734],[-47.67478,-15.71713],[-47.67567,-15.71743],[-47.67616,-15.71932],[-47.67546,-15.71968],[-47.67507,-15.72061],[-47.67662,-15.72159],[-47.67612,-15.72265],[-47.67584,-15.72222],[-47.67461,-15.72235],[-47.67462,-15.72311],[-47.67611,-15.72364],[-47.67616,-15.72483],[-47.67669,-15.72524],[-47.67657,-15.72628],[-47.67564,-15.72678],[-47.67529,-15.72775],[-47.67474,-15.72754],[-47.67366,-15.72873],[-47.674,-15.72968],[-47.67547,-15.73046],[-47.67463,-15.73107],[-47.67586,-15.7323]],[[-47.60056,-15.6223],[-47.59707,-15.62266],[-47.62441,-15.64139],[-47.62334,-15.64699],[-47.62239,-15.64728],[-47.62154,-15.64831],[-47.62146,-15.65017],[-47.62122,-15.65096],[-47.62032,-15.6518],[-47.60213,-15.65852],[-47.60121,-15.65998],[-47.60223,-15.66011],[-47.60293,-15.65964],[-47.60391,-15.66056],[-47.60505,-15.66006],[-47.60618,-15.66069],[-47.6081,-15.66005],[-47.61087,-15.66067],[-47.61188,-15.65951],[-47.61306,-15.65944],[-47.61457,-15.65872],[-47.61589,-15.65894],[-47.61664,-15.65838],[-47.61686,-15.6574],[-47.61745,-15.65799],[-47.61829,-15.65772],[-47.61934,-15.65811],[-47.62102,-15.65749],[-47.62138,-15.65812],[-47.62391,-15.65748],[-47.62476,-15.65803],[-47.62562,-15.65773],[-47.62669,-15.65842],[-47.62797,-15.6581],[-47.62877,-15.65729],[-47.63009,-15.65745],[-47.63082,-15.65793],[-47.63212,-15.65824],[-47.63431,-15.65802],[-47.63519,-15.65929],[-47.63614,-15.65998],[-47.63662,-15.66078],[-47.63858,-15.66182],[-47.63963,-15.66336],[-47.63952,-15.66397],[-47.6402,-15.66444],[-47.64052,-15.66357],[-47.64204,-15.66384],[-47.64229,-15.6633],[-47.64372,-15.66314],[-47.64503,-15.66493],[-47.64596,-15.66516],[-47.64634,-15.66606],[-47.64698,-15.66654],[-47.64737,-15.66599],[-47.64826,-15.66742],[-47.64907,-15.66919],[-47.64975,-15.66994],[-47.65085,-15.67045],[-47.65127,-15.66968],[-47.65233,-15.66875],[-47.65279,-15.66984],[-47.65434,-15.66991],[-47.65528,-15.67061],[-47.65478,-15.67143],[-47.65642,-15.67253],[-47.65637,-15.67217],[-47.65784,-15.6725],[-47.65864,-15.67382],[-47.65963,-15.67388],[-47.65981,-15.6748],[-47.66046,-15.67555],[-47.66136,-15.67536],[-47.66209,-15.67607],[-47.66271,-15.67582],[-47.66391,-15.67627],[-47.66436,-15.67578],[-47.66554,-15.6768],[-47.66658,-15.67646],[-47.66675,-15.67588],[-47.66929,-15.67487],[-47.66875,-15.67329],[-47.66807,-15.67264],[-47.66851,-15.67173],[-47.6702,-15.67209],[-47.6707,-15.67137],[-47.6715,-15.67105],[-47.67067,-15.67009],[-47.67157,-15.66945],[-47.67025,-15.66855],[-47.66966,-15.66764],[-47.66836,-15.66678],[-47.6678,-15.66579],[-47.66697,-15.66536],[-47.66593,-15.66331],[-47.66481,-15.66241],[-47.66262,-15.66179],[-47.66267,-15.66129],[-47.66208,-15.65642],[-47.66163,-15.6545],[-47.66125,-15.65073],[-47.66131,-15.64818],[-47.66623,-15.64834],[-47.668,-15.64876],[-47.66932,-15.64937],[-47.67173,-15.64969],[-47.67316,-15.64929],[-47.67471,-15.64841],[-47.67367,-15.64804],[-47.67205,-15.64666],[-47.67247,-15.64541],[-47.67232,-15.64432],[-47.67148,-15.64332],[-47.67004,-15.6422],[-47.67081,-15.64078],[-47.67039,-15.64022],[-47.67031,-15.63875],[-47.66922,-15.63798],[-47.66946,-15.63755],[-47.66809,-15.63738],[-47.66834,-15.63708],[-47.66777,-15.63619],[-47.66711,-15.63619],[-47.66694,-15.63511],[-47.66732,-15.63435],[-47.66688,-15.63346],[-47.66625,-15.63309],[-47.66476,-15.63292],[-47.66133,-15.63436],[-47.65999,-15.63508],[-47.65775,-15.63538],[-47.65431,-15.63455],[-47.6523,-15.63342],[-47.65147,-15.63265],[-47.65,-15.63242],[-47.64793,-15.63078],[-47.64476,-15.63014],[-47.64153,-15.62916],[-47.64148,-15.62843],[-47.63935,-15.62838],[-47.63661,-15.63002],[-47.63525,-15.63011],[-47.63139,-15.63108],[-47.63,-15.63076],[-47.62854,-15.63087],[-47.62685,-15.62991],[-47.62704,-15.62719],[-47.62677,-15.62654],[-47.62541,-15.62611],[-47.62256,-15.62463],[-47.62133,-15.62453],[-47.61766,-15.62334],[-47.61679,-15.62288],[-47.61471,-15.62297],[-47.61354,-15.62265],[-47.6113,-15.62254],[-47.61074,-15.62283],[-47.60878,-15.62273],[-47.60744,-15.62292],[-47.60537,-15.62239],[-47.60335,-15.62232],[-47.60229,-15.62254],[-47.60056,-15.6223]]]},"properties":{"ra_nome":"PLANALTINA"}},
{"type":"Feature","geometry":{"type":"Polygon","coordinates":[[[-47.78393,-15.76048],[-47.77451,-15.75709],[-47.76225,-15.75263],[-47.75973,-15.75201],[-47.75783,-15.75196],[-47.75494,-15.75269],[-47.7529,-15.75379],[-47.74675,-15.75762],[-47.73986,-15.76184],[-47.73775,-15.76273],[-47.73534,-15.76313],[-47.73304,-15.76292],[-47.73158,-15.76246],[-47.72944,-15.7613],[-47.7165,-15.75219],[-47.7076,-15.74588],[-47.70433,-15.74363],[-47.69074,-15.7367],[-47.68835,-15.73598],[-47.68642,-15.73584],[-47.68044,-15.73574],[-47.67916,-15.7352],[-47.67771,-15.7342],[-47.67578,-15.73424],[-47.67452,-15.73314],[-47.67586,-15.7323],[-47.67632,-15.7326],[-47.6772,-15.73192],[-47.67828,-15.73268],[-47.67869,-15.73375],[-47.67992,-15.734],[-47.68146,-15.73288],[-47.68176,-15.73213],[-47.68293,-15.73215],[-47.68307,-15.73153],[-47.684,-15.73103],[-47.68497,-15.73104],[-47.68511,-15.73044],[-47.68743,-15.72941],[-47.68837,-15.72865],[-47.68948,-15.72695],[-47.69064,-15.72632],[-47.69126,-15.72649],[-47.693,-15.72585],[-47.69525,-15.72618],[-47.69656,-15.72698],[-47.69837,-15.72737],[-47.69872,-15.72711],[-47.70001,-15.72756],[-47.70089,-15.72737],[-47.70121,-15.72838],[-47.70261,-15.72836],[-47.7026,-15.72774],[-47.70332,-15.72636],[-47.70387,-15.72627],[-47.70508,-15.72709],[-47.70716,-15.72688],[-47.70943,-15.72752],[-47.70991,-15.72668],[-47.71107,-15.72747],[-47.71245,-15.72777],[-47.71334,-15.72833],[-47.71457,-15.72768],[-47.71539,-15.72772],[-47.71663,-15.7271],[-47.71803,-15.72699],[-47.71872,-15.72557],[-47.7196,-15.72532],[-47.72106,-15.7265],[-47.72305,-15.72685],[-47.72381,-15.7266],[-47.72536,-15.7268],[-47.7277,-15.72787],[-47.7285,-15.72779],[-47.72934,-15.72834],[-47.73068,-15.72701],[-47.73328,-15.72625],[-47.7343,-15.72679],[-47.73531,-15.72672],[-47.73696,-15.72791],[-47.73822,-15.7277],[-47.73995,-15.7279],[-47.74182,-15.72749],[-47.74258,-15.72765],[-47.7435,-15.72669],[-47.7437,-15.72572],[-47.74447,-15.72519],[-47.74441,-15.72451],[-47.74579,-15.72398],[-47.74751,-15.724],[-47.74797,-15.72319],[-47.75008,-15.72183],[-47.75101,-15.72095],[-47.75105,-15.72037],[-47.75214,-15.71942],[-47.753,-15.71907],[-47.75408,-15.71815],[-47.75563,-15.7181],[-47.7564,-15.71753],[-47.75737,-15.71765],[-47.75923,-15.71566],[-47.75956,-15.715],[-47.76039,-15.71487],[-47.76177,-15.71396],[-47.76187,-15.71325],[-47.76987,-15.72164],[-47.77114,-15.72265],[-47.77281,-15.7236],[-47.77413,-15.72408],[-47.77667,-15.72451],[-47.7786,-15.72444],[-47.78135,-15.72397],[-47.78162,-15.72444],[-47.79007,-15.72751],[-47.78399,-15.7432],[-47.79091,-15.74571],[-47.79151,-15.74807],[-47.78629,-15.74943],[-47.78701,-15.75219],[-47.78522,-15.75233],[-47.78469,-15.75595],[-47.7855,-15.75591],[-47.78641,-15.75769],[-47.78517,-15.7581],[-47.78493,-15.75968],[-47.78396,-15.76003],[-47.78393,-15.76048]]]},"properties":{"ra_nome":"ITAPOÃ"}},
{"type":"Feature","geometry":{"type":"Polygon","coordinates":[[[-48.06034,-15.88245],[-48.06259,-15.88311],[-48.06468,-15.88354],[-48.08098,-15.88851],[-48.08401,-15.88939],[-48.10166,-15.89473],[-48.10406,-15.89543],[-48.12957,-15.90312],[-48.13765,-15.90554],[-48.14048,-15.9066],[-48.16075,-15.91274],[-48.16181,-15.91325],[-48.16319,-15.91447],[-48.16398,-15.91572],[-48.1663,-15.92362],[-48.1692,-15.92292],[-48.1701,-15.92244],[-48.172,-15.91952],[-48.17274,-15.91879],[-48.17416,-15.91816],[-48.17542,-15.91809],[-48.17808,-15.91886],[-48.17929,-15.92007],[-48.17973,-15.92198],[-48.1804,-15.92303],[-48.18189,-15.92361],[-48.18305,-15.92334],[-48.18618,-15.92052],[-48.18779,-15.91965],[-48.18961,-15.91993],[-48.19939,-15.9237],[-48.20083,-15.92449],[-48.20323,-15.92614],[-48.20696,-15.92853],[-48.21272,-15.93203],[-48.21909,-15.93484],[-48.21909,-15.93485],[-48.21908,-15.93486],[-48.21902,-15.93496],[-48.21885,-15.93511],[-48.21858,-15.93521],[-48.21812,-15.9359],[-48.21734,-15.93659],[-48.21713,-15.93717],[-48.21615,-15.93802],[-48.21522,-15.93978],[-48.21355,-15.94253],[-48.21401,-15.94271],[-48.21747,-15.94407],[-48.21657,-15.94618],[-48.21601,-15.94653],[-48.21443,-15.94914],[-48.2132,-15.94954],[-48.21235,-15.95084],[-48.2108,-15.95254],[-48.21115,-15.95316],[-48.21248,-15.95435],[-48.21323,-15.95615],[-48.21484,-15.9575],[-48.21674,-15.95818],[-48.22025,-15.9583],[-48.22214,-15.95778],[-48.22326,-15.95547],[-48.22469,-15.95391],[-48.22695,-15.95292],[-48.22922,-15.9537],[-48.22964,-15.95323],[-48.23131,-15.95405],[-48.23306,-15.95321],[-48.23532,-15.95303],[-48.23643,-15.95321],[-48.23712,-15.95239],[-48.23884,-15.95241],[-48.23998,-15.9529],[-48.24109,-15.95284],[-48.2415,-15.95331],[-48.24241,-15.95289],[-48.24429,-15.95432],[-48.2452,-15.95471],[-48.24723,-15.95453],[-48.24757,-15.95413],[-48.2491,-15.95445],[-48.24937,-15.95495],[-48.2505,-15.95548],[-48.25135,-15.9554],[-48.25193,-15.95593],[-48.2533,-15.95586],[-48.25382,-15.95669],[-48.2547,-15.95727],[-48.25436,-15.95821],[-48.25457,-15.95903],[-48.25602,-15.95954],[-48.25626,-15.96006],[-48.2552,-15.96065],[-48.25523,-15.96228],[-48.25652,-15.96151],[-48.25748,-15.9613],[-48.25747,-15.96209],[-48.25633,-15.96251],[-48.25608,-15.9633],[-48.25752,-15.9637],[-48.25771,-15.96491],[-48.25916,-15.96624],[-48.26022,-15.9668],[-48.26012,-15.96811],[-48.26055,-15.96868],[-48.2597,-15.96969],[-48.25798,-15.97295],[-48.25848,-15.97355],[-48.25929,-15.9734],[-48.2597,-15.97431],[-48.25917,-15.97521],[-48.25903,-15.9765],[-48.25792,-15.97647],[-48.25851,-15.97724],[-48.25797,-15.97772],[-48.2565,-15.9771],[-48.25389,-15.97724],[-48.25328,-15.97588],[-48.2516,-15.9761],[-48.25151,-15.9757],[-48.24906,-15.97552],[-48.24732,-15.97563],[-48.24685,-15.9744],[-48.24563,-15.97307],[-48.24609,-15.97232],[-48.2447,-15.97271],[-48.24446,-15.97332],[-48.24358,-15.97281],[-48.23995,-15.9717],[-48.24037,-15.97096],[-48.2396,-15.97101],[-48.23905,-15.97182],[-48.23842,-15.97181],[-48.23831,-15.97253],[-48.23701,-15.97238],[-48.23584,-15.97188],[-48.23507,-15.97217],[-48.2346,-15.97182],[-48.23254,-15.97196],[-48.22955,-15.97052],[-48.22852,-15.97124],[-48.227,-15.97096],[-48.22636,-15.97142],[-48.22609,-15.97088],[-48.22525,-15.97133],[-48.22457,-15.9707],[-48.22451,-15.96995],[-48.22371,-15.96979],[-48.22315,-15.97072],[-48.22257,-15.97037],[-48.22147,-15.97065],[-48.22064,-15.96943],[-48.21977,-15.96964],[-48.21912,-15.96905],[-48.21868,-15.9695],[-48.21787,-15.96896],[-48.21795,-15.96835],[-48.21694,-15.96841],[-48.21702,-15.96803],[-48.21607,-15.96756],[-48.21457,-15.96725],[-48.21406,-15.96611],[-48.21289,-15.96588],[-48.21231,-15.96621],[-48.21114,-15.96515],[-48.20936,-15.9649],[-48.20909,-15.96522],[-48.20686,-15.96472],[-48.20611,-15.96425],[-48.20472,-15.96425],[-48.20325,-15.96332],[-48.20233,-15.96329],[-48.20033,-15.96244],[-48.20027,-15.96248],[-48.19976,-15.96349],[-48.19858,-15.96398],[-48.19568,-15.96271],[-48.19384,-15.96381],[-48.19324,-15.96392],[-48.19235,-15.96314],[-48.1924,-15.96152],[-48.19189,-15.9614],[-48.19206,-15.96071],[-48.19103,-15.95998],[-48.1904,-15.95896],[-48.18979,-15.9586],[-48.18851,-15.95685],[-48.18841,-15.95615],[-48.18693,-15.95343],[-48.18703,-15.95263],[-48.18657,-15.94956],[-48.18694,-15.94871],[-48.18726,-15.94671],[-48.18707,-15.94573],[-48.18572,-15.94554],[-48.18172,-15.94594],[-48.17912,-15.94668],[-48.17624,-15.94627],[-48.1751,-15.94668],[-48.17301,-15.94708],[-48.17278,-15.94627],[-48.16637,-15.94678],[-48.16337,-15.94691],[-48.16299,-15.94666],[-48.16273,-15.94522],[-48.16108,-15.94267],[-48.16018,-15.94028],[-48.15883,-15.93874],[-48.15679,-15.93713],[-48.15564,-15.93699],[-48.15416,-15.93465],[-48.15328,-15.93387],[-48.15314,-15.93444],[-48.15357,-15.94394],[-48.15337,-15.94714],[-48.15157,-15.94635],[-48.15077,-15.94563],[-48.14841,-15.94455],[-48.14697,-15.94344],[-48.14418,-15.94295],[-48.14361,-15.9432],[-48.14188,-15.94324],[-48.14081,-15.94374],[-48.13948,-15.94396],[-48.13793,-15.94472],[-48.1358,-15.94521],[-48.13407,-15.94516],[-48.13339,-15.94486],[-48.13106,-15.94298],[-48.1285,-15.94248],[-48.1275,-15.94275],[-48.12669,-15.94221],[-48.12658,-15.94354],[-48.12696,-15.94401],[-48.12643,-15.94695],[-48.12578,-15.94744],[-48.12393,-15.94961],[-48.12393,-15.9502],[-48.12229,-15.95304],[-48.12254,-15.95423],[-48.1221,-15.95566],[-48.12208,-15.95568],[-48.12205,-15.95571],[-48.12118,-15.95535],[-48.12114,-15.95471],[-48.12026,-15.95476],[-48.12007,-15.95368],[-48.11877,-15.95373],[-48.11761,-15.95277],[-48.11618,-15.95289],[-48.11601,-15.95214],[-48.11499,-15.95194],[-48.11396,-15.95108],[-48.11271,-15.95159],[-48.11147,-15.95083],[-48.11075,-15.94966],[-48.10911,-15.94861],[-48.10819,-15.94705],[-48.10731,-15.94666],[-48.10645,-15.9446],[-48.10552,-15.94438],[-48.10473,-15.94255],[-48.10388,-15.94205],[-48.10329,-15.94088],[-48.10353,-15.94035],[-48.10206,-15.93713],[-48.10113,-15.93682],[-48.09991,-15.93559],[-48.09888,-15.93522],[-48.09831,-15.93442],[-48.09583,-15.93288],[-48.09437,-15.93225],[-48.09215,-15.93352],[-48.09125,-15.93503],[-48.08774,-15.93786],[-48.08331,-15.94132],[-48.08268,-15.94168],[-48.08058,-15.93948],[-48.07835,-15.93875],[-48.07732,-15.93892],[-48.0753,-15.93972],[-48.07351,-15.94089],[-48.06218,-15.94796],[-48.06155,-15.94812],[-48.05553,-15.95184],[-48.05373,-15.95271],[-48.05089,-15.9533],[-48.04803,-15.95307],[-48.04393,-15.95165],[-48.04225,-15.95058],[-48.04074,-15.94919],[-48.03954,-15.94757],[-48.03822,-15.94543],[-48.0402,-15.94256],[-48.04169,-15.93974],[-48.04305,-15.93634],[-48.05413,-15.90166],[-48.06034,-15.88245]]]},"properties":{"ra_nome":"RECANTO DAS EMAS"}},
{"type":"Feature","geometry":{"type":"Polygon","coordinates":[[[-48.10735,-15.85945],[-48.10736,-15.85946],[-48.10797,-15.85999],[-48.10984,-15.86226],[-48.1095,-15.86367],[-48.11085,-15.86671],[-48.11282,-15.86759],[-48.11392,-15.86775],[-48.11571,-15.86735],[-48.11686,-15.86763],[-48.11769,-15.86689],[-48.11875,-15.86728],[-48.12005,-15.86696],[-48.12132,-15.86543],[-48.12236,-15.86612],[-48.12358,-15.86653],[-48.12464,-15.86748],[-48.1252,-15.86679],[-48.127,-15.86558],[-48.12808,-15.86547],[-48.12913,-15.86461],[-48.13032,-15.86403],[-48.13105,-15.86454],[-48.13186,-15.86343],[-48.1327,-15.86305],[-48.13376,-15.86409],[-48.13537,-15.86432],[-48.13576,-15.86381],[-48.13726,-15.86358],[-48.13758,-15.86291],[-48.139,-15.86254],[-48.14051,-15.86163],[-48.14238,-15.861],[-48.14333,-15.86025],[-48.14355,-15.8592],[-48.14433,-15.85857],[-48.14524,-15.85862],[-48.14602,-15.85706],[-48.14743,-15.85702],[-48.14793,-15.85612],[-48.15003,-15.85567],[-48.14994,-15.85491],[-48.15096,-15.85416],[-48.15295,-15.85431],[-48.1536,-15.85508],[-48.15577,-15.85456],[-48.15852,-15.85488],[-48.15947,-15.85429],[-48.16031,-15.85328],[-48.161,-15.85326],[-48.16148,-15.85248],[-48.16258,-15.85273],[-48.1637,-15.8517],[-48.16425,-15.852],[-48.16447,-15.85289],[-48.16693,-15.85329],[-48.16786,-15.85264],[-48.16901,-15.85331],[-48.16898,-15.85398],[-48.17015,-15.85413],[-48.17149,-15.85479],[-48.17191,-15.85543],[-48.17369,-15.85543],[-48.17459,-15.85587],[-48.17532,-15.857],[-48.17536,-15.85707],[-48.17578,-15.85751],[-48.17683,-15.85725],[-48.17823,-15.86077],[-48.17766,-15.8614],[-48.17795,-15.86211],[-48.17945,-15.86166],[-48.18199,-15.86054],[-48.18302,-15.86172],[-48.18323,-15.86331],[-48.18388,-15.86409],[-48.18346,-15.86437],[-48.18468,-15.86646],[-48.18714,-15.86849],[-48.1876,-15.86905],[-48.18873,-15.86933],[-48.18964,-15.87114],[-48.19032,-15.87106],[-48.1908,-15.87157],[-48.1921,-15.87133],[-48.19266,-15.87187],[-48.19179,-15.87232],[-48.19259,-15.87322],[-48.19319,-15.87316],[-48.19313,-15.87397],[-48.19488,-15.87522],[-48.19438,-15.87559],[-48.19484,-15.87634],[-48.19613,-15.8775],[-48.19664,-15.87874],[-48.19605,-15.87911],[-48.19693,-15.87953],[-48.19697,-15.88019],[-48.19784,-15.88077],[-48.19786,-15.88321],[-48.19881,-15.88281],[-48.20027,-15.88435],[-48.20006,-15.88504],[-48.20066,-15.88538],[-48.20071,-15.88719],[-48.20023,-15.88779],[-48.2006,-15.88855],[-48.20214,-15.88959],[-48.20243,-15.89051],[-48.20219,-15.89138],[-48.2037,-15.89158],[-48.20384,-15.8921],[-48.20464,-15.89136],[-48.20591,-15.89147],[-48.20581,-15.89258],[-48.20675,-15.89372],[-48.20807,-15.89293],[-48.20831,-15.89316],[-48.20774,-15.89462],[-48.20854,-15.89574],[-48.20933,-15.89567],[-48.21037,-15.89702],[-48.21099,-15.89664],[-48.21063,-15.89624],[-48.21208,-15.89561],[-48.21264,-15.89649],[-48.21251,-15.89715],[-48.21308,-15.89761],[-48.21394,-15.89727],[-48.21433,-15.89771],[-48.21502,-15.89725],[-48.21809,-15.89752],[-48.21847,-15.89902],[-48.21981,-15.89781],[-48.22048,-15.89891],[-48.22007,-15.89969],[-48.22086,-15.90104],[-48.22225,-15.90041],[-48.22315,-15.90072],[-48.22335,-15.90206],[-48.22408,-15.90253],[-48.22483,-15.90224],[-48.22407,-15.90075],[-48.22468,-15.90122],[-48.22638,-15.90102],[-48.22648,-15.89986],[-48.22735,-15.9004],[-48.2288,-15.90018],[-48.22869,-15.9008],[-48.22798,-15.90105],[-48.22847,-15.90182],[-48.23067,-15.90147],[-48.23025,-15.90076],[-48.23068,-15.90054],[-48.23171,-15.90154],[-48.23191,-15.90068],[-48.23478,-15.90042],[-48.23505,-15.89898],[-48.2358,-15.89989],[-48.23625,-15.8993],[-48.23721,-15.89936],[-48.23642,-15.9001],[-48.23699,-15.90095],[-48.23686,-15.90157],[-48.23585,-15.90284],[-48.23679,-15.90363],[-48.23848,-15.90382],[-48.24035,-15.90294],[-48.24004,-15.90354],[-48.24061,-15.90447],[-48.24158,-15.90487],[-48.24243,-15.90466],[-48.24313,-15.90505],[-48.24429,-15.90633],[-48.24659,-15.90748],[-48.2472,-15.90717],[-48.24678,-15.90803],[-48.24686,-15.9093],[-48.24741,-15.90873],[-48.2481,-15.90945],[-48.24867,-15.90854],[-48.24927,-15.90878],[-48.25049,-15.90861],[-48.25159,-15.90901],[-48.25277,-15.91002],[-48.25248,-15.91058],[-48.25331,-15.91161],[-48.25408,-15.91092],[-48.25494,-15.91156],[-48.25551,-15.91253],[-48.2548,-15.9134],[-48.25502,-15.91387],[-48.25436,-15.91511],[-48.25518,-15.91555],[-48.25509,-15.91618],[-48.2542,-15.91621],[-48.25412,-15.91709],[-48.25557,-15.91729],[-48.25631,-15.91712],[-48.25618,-15.91773],[-48.2577,-15.91791],[-48.25825,-15.91833],[-48.25791,-15.91911],[-48.25832,-15.92011],[-48.2592,-15.92072],[-48.25955,-15.92179],[-48.25847,-15.92344],[-48.25914,-15.92485],[-48.25833,-15.92495],[-48.25875,-15.92558],[-48.25892,-15.92745],[-48.25934,-15.92782],[-48.25919,-15.92922],[-48.25869,-15.92979],[-48.25882,-15.93132],[-48.258,-15.93224],[-48.25664,-15.93191],[-48.25575,-15.93228],[-48.25473,-15.93546],[-48.25464,-15.93675],[-48.25237,-15.93584],[-48.25245,-15.93575],[-48.25247,-15.93566],[-48.25248,-15.93555],[-48.25246,-15.93551],[-48.25241,-15.93545],[-48.2519,-15.935],[-48.25158,-15.93477],[-48.25115,-15.93421],[-48.25052,-15.93373],[-48.2483,-15.93387],[-48.24662,-15.93326],[-48.24591,-15.93197],[-48.24514,-15.93187],[-48.24468,-15.93197],[-48.24394,-15.93197],[-48.24375,-15.93201],[-48.24368,-15.93206],[-48.24359,-15.93203],[-48.24324,-15.932],[-48.24266,-15.93192],[-48.2418,-15.93145],[-48.24093,-15.93093],[-48.24001,-15.92938],[-48.23866,-15.92917],[-48.23804,-15.92958],[-48.23745,-15.93061],[-48.23565,-15.9325],[-48.23497,-15.93291],[-48.23474,-15.93342],[-48.23445,-15.93339],[-48.23435,-15.93349],[-48.23436,-15.93362],[-48.23435,-15.9337],[-48.23452,-15.93407],[-48.23482,-15.93442],[-48.23482,-15.93448],[-48.23479,-15.93453],[-48.2346,-15.93464],[-48.23457,-15.93468],[-48.23458,-15.93472],[-48.23467,-15.93479],[-48.2347,-15.9349],[-48.2347,-15.93494],[-48.23397,-15.93529],[-48.23356,-15.93514],[-48.23309,-15.93449],[-48.23308,-15.93446],[-48.23308,-15.9344],[-48.23319,-15.93414],[-48.2332,-15.93404],[-48.23317,-15.93398],[-48.23314,-15.93396],[-48.2328,-15.93395],[-48.23231,-15.9343],[-48.23229,-15.93361],[-48.23097,-15.93322],[-48.23048,-15.93344],[-48.22992,-15.93183],[-48.22906,-15.93237],[-48.22826,-15.93145],[-48.22656,-15.93269],[-48.22627,-15.93401],[-48.22364,-15.9346],[-48.22265,-15.93601],[-48.22184,-15.93558],[-48.22174,-15.93445],[-48.22023,-15.93402],[-48.2195,-15.93434],[-48.21929,-15.93452],[-48.21917,-15.93472],[-48.21909,-15.93485],[-48.21909,-15.93484],[-48.21272,-15.93203],[-48.20696,-15.92853],[-48.20323,-15.92614],[-48.20083,-15.92449],[-48.19939,-15.9237],[-48.18961,-15.91993],[-48.18779,-15.91965],[-48.18618,-15.92052],[-48.18305,-15.92334],[-48.18189,-15.92361],[-48.1804,-15.92303],[-48.17973,-15.92198],[-48.17929,-15.92007],[-48.17808,-15.91886],[-48.17542,-15.91809],[-48.17416,-15.91816],[-48.17274,-15.91879],[-48.172,-15.91952],[-48.1701,-15.92244],[-48.1692,-15.92292],[-48.1663,-15.92362],[-48.16398,-15.91572],[-48.16319,-15.91447],[-48.16181,-15.91325],[-48.16075,-15.91274],[-48.14048,-15.9066],[-48.13765,-15.90554],[-48.12957,-15.90312],[-48.10406,-15.89543],[-48.10166,-15.89473],[-48.08401,-15.88939],[-48.08098,-15.88851],[-48.06468,-15.88354],[-48.06259,-15.88311],[-48.06034,-15.88245],[-48.05666,-15.88122],[-48.0547,-15.88021],[-48.04745,-15.87539],[-48.04771,-15.87504],[-48.03747,-15.86819],[-48.04002,-15.86355],[-48.04368,-15.86338],[-48.04472,-15.86145],[-48.04509,-15.86164],[-48.04743,-15.85948],[-48.04797,-15.85968],[-48.04889,-15.85813],[-48.04971,-15.85722],[-48.05024,-15.85547],[-48.05382,-15.85696],[-48.0544,-15.85651],[-48.05654,-15.85743],[-48.05713,-15.85743],[-48.05948,-15.8584],[-48.0607,-15.85869],[-48.06177,-15.85858],[-48.06438,-15.8572],[-48.06537,-15.85615],[-48.06616,-15.85449],[-48.06762,-15.85235],[-48.06764,-15.85162],[-48.06936,-15.85207],[-48.06949,-15.85213],[-48.07175,-15.84858],[-48.0731,-15.84739],[-48.0745,-15.8479],[-48.07524,-15.8454],[-48.07533,-15.8437],[-48.07625,-15.84371],[-48.07761,-15.84495],[-48.07897,-15.84545],[-48.07979,-15.84607],[-48.08041,-15.84597],[-48.08212,-15.84682],[-48.08289,-15.84695],[-48.0836,-15.84782],[-48.08342,-15.84852],[-48.08412,-15.84853],[-48.08429,-15.84908],[-48.08632,-15.85073],[-48.08766,-15.85124],[-48.08892,-15.85231],[-48.0908,-15.85263],[-48.0919,-15.8534],[-48.09301,-15.85319],[-48.09391,-15.85369],[-48.09596,-15.85405],[-48.09816,-15.8553],[-48.09934,-15.85523],[-48.10062,-15.8564],[-48.10209,-15.85654],[-48.10258,-15.85729],[-48.10367,-15.857],[-48.10549,-15.85731],[-48.10583,-15.85801],[-48.107,-15.85876],[-48.10727,-15.85932],[-48.10735,-15.85945]]]},"properties":{"ra_nome":"SAMAMBAIA"}},
{"type":"Feature","geometry":{"type":"Polygon","coordinates":[[[-48.00453,-15.97783],[-48.00705,-15.98609],[-48.00881,-15.9894],[-48.00929,-15.98994],[-48.01062,-15.99289],[-48.01153,-15.99705],[-48.01321,-15.99794],[-48.01345,-15.99864],[-48.01428,-15.9994],[-48.01499,-15.9995],[-48.01776,-16.0017],[-48.01798,-16.00262],[-48.01894,-16.00277],[-48.02073,-16.0041],[-48.02108,-16.00516],[-48.0215,-16.00514],[-48.02301,-16.00613],[-48.02406,-16.00716],[-48.02587,-16.00848],[-48.02648,-16.00848],[-48.02769,-16.00911],[-48.02819,-16.01021],[-48.02925,-16.01067],[-48.03094,-16.01256],[-48.03142,-16.01277],[-48.0324,-16.01429],[-48.03334,-16.01467],[-48.03457,-16.01591],[-48.03515,-16.01602],[-48.03643,-16.01744],[-48.03744,-16.01792],[-48.03864,-16.01903],[-48.04044,-16.0203],[-48.04198,-16.01963],[-48.04298,-16.01986],[-48.04366,-16.01949],[-48.04505,-16.02022],[-48.04568,-16.02105],[-48.04588,-16.02247],[-48.0465,-16.02398],[-48.04781,-16.02556],[-48.04806,-16.02703],[-48.04922,-16.02759],[-48.04951,-16.02987],[-48.05091,-16.03104],[-48.05166,-16.03323],[-48.05333,-16.03553],[-48.05405,-16.03747],[-48.05176,-16.03619],[-48.05001,-16.03589],[-48.04816,-16.03647],[-48.04712,-16.0374],[-48.04296,-16.043],[-48.0486,-16.05009],[-47.88854,-16.05028],[-47.88773,-16.04923],[-47.88564,-16.04747],[-47.88437,-16.04675],[-47.88269,-16.04675],[-47.88169,-16.04613],[-47.88097,-16.04518],[-47.88079,-16.04422],[-47.87917,-16.04297],[-47.8789,-16.04163],[-47.87647,-16.04038],[-47.87574,-16.0393],[-47.8743,-16.03887],[-47.87295,-16.03933],[-47.87286,-16.03927],[-47.87278,-16.03922],[-47.87267,-16.0391],[-47.8726,-16.03865],[-47.87261,-16.03862],[-47.87145,-16.03816],[-47.8712,-16.03834],[-47.8706,-16.03793],[-47.8693,-16.03797],[-47.8685,-16.03742],[-47.86915,-16.0364],[-47.86971,-16.03485],[-47.8707,-16.0344],[-47.87094,-16.0332],[-47.87163,-16.03214],[-47.87256,-16.0317],[-47.87261,-16.03071],[-47.87354,-16.02865],[-47.87488,-16.02725],[-47.87491,-16.02493],[-47.87605,-16.02234],[-47.87714,-16.02078],[-47.87703,-16.01847],[-47.87666,-16.01766],[-47.87572,-16.01669],[-47.87498,-16.01534],[-47.87326,-16.01469],[-47.87135,-16.01375],[-47.87054,-16.01276],[-47.87153,-16.0124],[-47.87263,-16.01086],[-47.87385,-16.01077],[-47.87555,-16.00772],[-47.87609,-16.00541],[-47.87724,-16.00325],[-47.87806,-16.00134],[-47.87847,-15.99982],[-47.87834,-15.99822],[-47.87793,-15.99682],[-47.87801,-15.99515],[-47.87907,-15.99234],[-47.88029,-15.99062],[-47.88036,-15.9885],[-47.88087,-15.98744],[-47.88096,-15.98645],[-47.88165,-15.98472],[-47.88301,-15.98268],[-47.88405,-15.98053],[-47.88473,-15.97784],[-47.88544,-15.97711],[-47.88755,-15.97665],[-47.88795,-15.97547],[-47.88858,-15.97495],[-47.88942,-15.9728],[-47.88934,-15.97208],[-47.89005,-15.97174],[-47.89016,-15.97108],[-47.89151,-15.97127],[-47.89239,-15.96934],[-47.92005,-15.97944],[-47.92796,-15.98231],[-47.93134,-15.98328],[-47.93446,-15.9838],[-47.93811,-15.98398],[-47.94114,-15.98377],[-47.94548,-15.9829],[-47.9485,-15.9819],[-47.95839,-15.97841],[-47.96686,-15.97549],[-47.97047,-15.97473],[-47.97334,-15.97446],[-47.97633,-15.97446],[-47.97926,-15.97478],[-47.98872,-15.97659],[-47.99083,-15.97683],[-47.99662,-15.97796],[-47.99868,-15.9782],[-48.00081,-15.97825],[-48.00453,-15.97783]]]},"properties":{"ra_nome":"SANTA MARIA"}},
{"type":"Feature","geometry":{"type":"Polygon","coordinates":[[[-47.70722,-15.89356],[-47.70755,-15.89374],[-47.70868,-15.8931],[-47.70958,-15.89316],[-47.70925,-15.89384],[-47.71024,-15.89469],[-47.71036,-15.89395],[-47.71241,-15.89257],[-47.71357,-15.8932],[-47.71368,-15.89434],[-47.71472,-15.89422],[-47.71417,-15.89378],[-47.7142,-15.89263],[-47.71482,-15.89219],[-47.71713,-15.89207],[-47.7178,-15.89225],[-47.71906,-15.89191],[-47.72016,-15.89118],[-47.72251,-15.89161],[-47.72351,-15.89105],[-47.72471,-15.89204],[-47.72553,-15.89239],[-47.72635,-15.89221],[-47.72678,-15.89281],[-47.72747,-15.89286],[-47.72827,-15.8935],[-47.72891,-15.8947],[-47.73013,-15.8959],[-47.73081,-15.89612],[-47.73174,-15.89726],[-47.73291,-15.89816],[-47.73396,-15.89858],[-47.73452,-15.89834],[-47.73594,-15.89868],[-47.73643,-15.89918],[-47.73759,-15.89914],[-47.73834,-15.89841],[-47.74013,-15.89848],[-47.74197,-15.89893],[-47.74169,-15.89978],[-47.74211,-15.90027],[-47.74241,-15.89956],[-47.74305,-15.89951],[-47.74449,-15.9005],[-47.74639,-15.90081],[-47.74679,-15.9015],[-47.74818,-15.90151],[-47.74848,-15.90109],[-47.75026,-15.90163],[-47.75178,-15.90173],[-47.75225,-15.90231],[-47.75442,-15.90298],[-47.75469,-15.90255],[-47.75589,-15.90271],[-47.75736,-15.90251],[-47.75928,-15.90114],[-47.76126,-15.90303],[-47.76207,-15.90236],[-47.76322,-15.90042],[-47.76446,-15.89962],[-47.76496,-15.89872],[-47.76481,-15.89821],[-47.7669,-15.89685],[-47.76714,-15.89606],[-47.76803,-15.89512],[-47.76813,-15.89364],[-47.76847,-15.89307],[-47.77097,-15.8913],[-47.77092,-15.89052],[-47.77138,-15.88965],[-47.7729,-15.88807],[-47.77351,-15.88634],[-47.77412,-15.88552],[-47.77666,-15.885],[-47.77775,-15.88416],[-47.77837,-15.88278],[-47.77842,-15.882],[-47.78018,-15.88171],[-47.78134,-15.8809],[-47.78495,-15.87932],[-47.78619,-15.87809],[-47.78613,-15.87778],[-47.78737,-15.87661],[-47.79014,-15.87524],[-47.79321,-15.87499],[-47.79483,-15.87511],[-47.79521,-15.87546],[-47.79675,-15.87574],[-47.79847,-15.87739],[-47.79905,-15.87747],[-47.79999,-15.87914],[-47.80152,-15.87968],[-47.80209,-15.88119],[-47.79795,-15.881],[-47.79563,-15.87945],[-47.79534,-15.88028],[-47.79557,-15.88102],[-47.79515,-15.88186],[-47.79602,-15.883],[-47.79646,-15.88564],[-47.79619,-15.88628],[-47.79513,-15.88688],[-47.79532,-15.88895],[-47.79387,-15.8902],[-47.79381,-15.89059],[-47.79536,-15.89169],[-47.79278,-15.89321],[-47.79402,-15.89495],[-47.79443,-15.89707],[-47.79296,-15.89768],[-47.79432,-15.90074],[-47.79383,-15.90224],[-47.7926,-15.90263],[-47.79216,-15.9032],[-47.79039,-15.90394],[-47.78995,-15.90631],[-47.78852,-15.90652],[-47.78653,-15.9072],[-47.78464,-15.90838],[-47.78411,-15.90955],[-47.78338,-15.91006],[-47.78267,-15.91148],[-47.78239,-15.91262],[-47.78072,-15.91348],[-47.77736,-15.91291],[-47.77625,-15.91329],[-47.7745,-15.91316],[-47.77302,-15.91236],[-47.77247,-15.91246],[-47.77298,-15.91331],[-47.77393,-15.91408],[-47.77437,-15.91398],[-47.77515,-15.91482],[-47.77541,-15.91596],[-47.77668,-15.91703],[-47.7765,-15.9177],[-47.77733,-15.91964],[-47.77738,-15.92037],[-47.77833,-15.92268],[-47.7802,-15.92365],[-47.78539,-15.92468],[-47.78638,-15.92505],[-47.7873,-15.92493],[-47.7885,-15.92526],[-47.78938,-15.92581],[-47.79141,-15.92595],[-47.79217,-15.92636],[-47.79569,-15.92678],[-47.79729,-15.92767],[-47.79829,-15.92772],[-47.79999,-15.92835],[-47.80106,-15.92938],[-47.80186,-15.92964],[-47.80236,-15.93049],[-47.80396,-15.93133],[-47.80454,-15.93132],[-47.80521,-15.93366],[-47.80634,-15.93587],[-47.80746,-15.93877],[-47.80559,-15.93987],[-47.80499,-15.94135],[-47.80421,-15.94145],[-47.80245,-15.94332],[-47.80114,-15.94551],[-47.80032,-15.94648],[-47.79941,-15.94684],[-47.79857,-15.94807],[-47.79755,-15.94854],[-47.79731,-15.94933],[-47.79466,-15.95209],[-47.79375,-15.95357],[-47.79403,-15.95405],[-47.79331,-15.955],[-47.79333,-15.95618],[-47.79396,-15.95712],[-47.79267,-15.95806],[-47.79151,-15.95972],[-47.79028,-15.95985],[-47.78955,-15.96084],[-47.78752,-15.96204],[-47.78568,-15.96207],[-47.78494,-15.96255],[-47.7824,-15.96293],[-47.78155,-15.96363],[-47.78024,-15.96411],[-47.77972,-15.96386],[-47.77884,-15.96435],[-47.77677,-15.96454],[-47.77494,-15.96565],[-47.77342,-15.96546],[-47.77204,-15.96597],[-47.77156,-15.96671],[-47.77067,-15.96669],[-47.77034,-15.96735],[-47.7694,-15.96743],[-47.76854,-15.96841],[-47.76667,-15.96891],[-47.76636,-15.96926],[-47.76498,-15.96917],[-47.76392,-15.96963],[-47.76366,-15.97023],[-47.76177,-15.97179],[-47.76165,-15.97236],[-47.76044,-15.97244],[-47.75968,-15.97312],[-47.76106,-15.97365],[-47.76201,-15.97493],[-47.76315,-15.97571],[-47.76451,-15.97777],[-47.76523,-15.97921],[-47.76759,-15.9796],[-47.76873,-15.98113],[-47.76991,-15.98148],[-47.77192,-15.98295],[-47.77312,-15.98346],[-47.77503,-15.98302],[-47.77589,-15.98373],[-47.77855,-15.98493],[-47.77824,-15.98596],[-47.77932,-15.98786],[-47.77963,-15.98944],[-47.77016,-15.99981],[-47.7692,-16.00105],[-47.7677,-16.00438],[-47.76637,-16.00588],[-47.76601,-16.00671],[-47.76486,-16.00746],[-47.76276,-16.00916],[-47.76252,-16.00966],[-47.76274,-16.01144],[-47.76244,-16.01413],[-47.76297,-16.01539],[-47.76402,-16.01717],[-47.76448,-16.01835],[-47.76436,-16.02032],[-47.76352,-16.02176],[-47.762,-16.02287],[-47.76073,-16.02481],[-47.75954,-16.02808],[-47.75989,-16.02947],[-47.76068,-16.03056],[-47.73425,-16.03184],[-47.73347,-16.03162],[-47.73274,-16.03073],[-47.73173,-16.03016],[-47.73131,-16.03076],[-47.73043,-16.03101],[-47.72744,-16.03564],[-47.72764,-16.04046],[-47.72744,-16.0405],[-47.72739,-16.04052],[-47.72679,-16.04072],[-47.7248,-16.04209],[-47.72476,-16.04225],[-47.72258,-16.04394],[-47.7219,-16.04649],[-47.72117,-16.05036],[-47.61733,-16.05034],[-47.61452,-16.0157],[-47.61385,-16.01332],[-47.59831,-15.98819],[-47.59612,-15.98542],[-47.59438,-15.98285],[-47.58944,-15.97484],[-47.58848,-15.97317],[-47.58764,-15.9703],[-47.58729,-15.96974],[-47.60643,-15.93901],[-47.60729,-15.938],[-47.60935,-15.93697],[-47.61085,-15.93688],[-47.61212,-15.93716],[-47.61735,-15.93864],[-47.61838,-15.93917],[-47.62611,-15.9449],[-47.62901,-15.94711],[-47.62982,-15.94805],[-47.63061,-15.94977],[-47.63085,-15.95219],[-47.63123,-15.9537],[-47.63258,-15.95566],[-47.63476,-15.95754],[-47.63671,-15.95988],[-47.63754,-15.96055],[-47.64188,-15.9628],[-47.64276,-15.9634],[-47.64699,-15.96768],[-47.64905,-15.96892],[-47.6503,-15.9692],[-47.6519,-15.96918],[-47.6533,-15.9688],[-47.65507,-15.96769],[-47.65929,-15.96367],[-47.66198,-15.96239],[-47.6629,-15.96129],[-47.66357,-15.95973],[-47.6633,-15.95888],[-47.66226,-15.9589],[-47.66146,-15.95662],[-47.65983,-15.95581],[-47.65996,-15.95425],[-47.66074,-15.95382],[-47.66255,-15.95395],[-47.66292,-15.95296],[-47.66383,-15.95246],[-47.66489,-15.95298],[-47.66588,-15.95264],[-47.66659,-15.95195],[-47.66686,-15.95002],[-47.66724,-15.94892],[-47.66869,-15.94617],[-47.66853,-15.94498],[-47.66753,-15.94471],[-47.6668,-15.94408],[-47.66638,-15.94304],[-47.66703,-15.94274],[-47.66877,-15.94333],[-47.66919,-15.94306],[-47.66852,-15.94176],[-47.66829,-15.94064],[-47.66857,-15.93923],[-47.6683,-15.93816],[-47.6696,-15.93693],[-47.66835,-15.93472],[-47.66881,-15.93338],[-47.66994,-15.93229],[-47.6711,-15.93047],[-47.67004,-15.92968],[-47.67006,-15.92885],[-47.67108,-15.92911],[-47.67173,-15.92885],[-47.67199,-15.92746],[-47.67449,-15.92812],[-47.67643,-15.93022],[-47.67726,-15.9286],[-47.67692,-15.92615],[-47.67529,-15.92432],[-47.67625,-15.92353],[-47.67732,-15.92355],[-47.6779,-15.92208],[-47.67923,-15.92143],[-47.68041,-15.91902],[-47.68124,-15.91888],[-47.68098,-15.9198],[-47.68146,-15.92136],[-47.68238,-15.9209],[-47.68264,-15.9188],[-47.68221,-15.91691],[-47.68304,-15.91541],[-47.68453,-15.91514],[-47.68447,-15.91446],[-47.68248,-15.91452],[-47.68078,-15.91275],[-47.68029,-15.91181],[-47.68059,-15.91125],[-47.68182,-15.91126],[-47.68217,-15.90988],[-47.68335,-15.9102],[-47.68408,-15.90964],[-47.68498,-15.90964],[-47.68511,-15.91077],[-47.68564,-15.91145],[-47.68711,-15.91178],[-47.68822,-15.91143],[-47.68687,-15.90904],[-47.68769,-15.90644],[-47.68872,-15.90609],[-47.68887,-15.90689],[-47.68842,-15.90783],[-47.68878,-15.90871],[-47.68944,-15.90862],[-47.68999,-15.90653],[-47.69119,-15.90572],[-47.69148,-15.90403],[-47.69222,-15.90487],[-47.69169,-15.906],[-47.693,-15.90722],[-47.69405,-15.90722],[-47.69415,-15.90651],[-47.69313,-15.90486],[-47.69411,-15.90458],[-47.6962,-15.9054],[-47.69681,-15.9054],[-47.69681,-15.90454],[-47.69634,-15.90361],[-47.6967,-15.90338],[-47.69851,-15.9036],[-47.6987,-15.90254],[-47.6976,-15.90179],[-47.69752,-15.89945],[-47.69815,-15.89925],[-47.69935,-15.90021],[-47.69989,-15.89973],[-47.69913,-15.8986],[-47.69897,-15.89753],[-47.69942,-15.89719],[-47.70129,-15.89742],[-47.70259,-15.89778],[-47.70253,-15.89729],[-47.70139,-15.89656],[-47.70046,-15.8953],[-47.70056,-15.89476],[-47.70161,-15.89427],[-47.70233,-15.89522],[-47.70305,-15.89544],[-47.704,-15.89237],[-47.70592,-15.89328],[-47.70699,-15.8942],[-47.70722,-15.89356]]]},"properties":{"ra_nome":"SÃO SEBASTIÃO"}},
{"type":"Feature","geometry":{"type":"Polygon","coordinates":[[[-47.8595,-15.68823],[-47.85527,-15.68736],[-47.85401,-15.68698],[-47.82987,-15.67925],[-47.82889,-15.67889],[-47.82661,-15.67763],[-47.81652,-15.67068],[-47.81259,-15.66804],[-47.80904,-15.66636],[-47.81082,-15.66405],[-47.81231,-15.66292],[-47.81231,-15.66122],[-47.81326,-15.65941],[-47.81458,-15.65743],[-47.81557,-15.65715],[-47.81744,-15.65376],[-47.81643,-15.6524],[-47.81597,-15.64981],[-47.81459,-15.64828],[-47.8139,-15.64721],[-47.81281,-15.64615],[-47.81276,-15.64541],[-47.81196,-15.64477],[-47.81226,-15.64343],[-47.81966,-15.64132],[-47.8209,-15.63991],[-47.82186,-15.63691],[-47.82259,-15.63565],[-47.82287,-15.63459],[-47.8241,-15.63256],[-47.82466,-15.63067],[-47.82481,-15.62646],[-47.82454,-15.62514],[-47.82364,-15.62354],[-47.82229,-15.62234],[-47.82016,-15.62155],[-47.81859,-15.6215],[-47.81713,-15.62179],[-47.81604,-15.62151],[-47.81576,-15.62078],[-47.81846,-15.61571],[-47.81972,-15.61174],[-47.8204,-15.61086],[-47.82876,-15.6047],[-47.83034,-15.60283],[-47.83395,-15.60261],[-47.83414,-15.59976],[-47.83435,-15.59929],[-47.83582,-15.59835],[-47.83724,-15.59835],[-47.83771,-15.59873],[-47.83861,-15.5985],[-47.841,-15.59853],[-47.84181,-15.59708],[-47.84292,-15.59562],[-47.84444,-15.59544],[-47.84492,-15.59625],[-47.84641,-15.59665],[-47.84713,-15.59601],[-47.84789,-15.59609],[-47.84922,-15.59707],[-47.85005,-15.5965],[-47.85129,-15.59651],[-47.85253,-15.59726],[-47.85389,-15.59752],[-47.85435,-15.5979],[-47.85506,-15.59766],[-47.85604,-15.5981],[-47.85641,-15.59758],[-47.85782,-15.59915],[-47.85767,-15.59862],[-47.85871,-15.59904],[-47.85864,-15.60001],[-47.85789,-15.60155],[-47.85907,-15.60252],[-47.85919,-15.60316],[-47.8615,-15.60174],[-47.86282,-15.60195],[-47.8625,-15.60299],[-47.86214,-15.60299],[-47.86209,-15.6043],[-47.86155,-15.60475],[-47.86195,-15.60642],[-47.86132,-15.60838],[-47.86156,-15.60907],[-47.86032,-15.60944],[-47.86039,-15.61047],[-47.8609,-15.61071],[-47.86144,-15.6119],[-47.86146,-15.61305],[-47.86211,-15.61328],[-47.86259,-15.61443],[-47.86471,-15.61658],[-47.8654,-15.61677],[-47.86592,-15.61806],[-47.86569,-15.6194],[-47.86525,-15.62006],[-47.86632,-15.62016],[-47.86742,-15.61965],[-47.86834,-15.61854],[-47.86873,-15.61755],[-47.86913,-15.61378],[-47.87052,-15.61216],[-47.87029,-15.61314],[-47.87205,-15.61425],[-47.87365,-15.61367],[-47.8748,-15.61419],[-47.87625,-15.61547],[-47.87643,-15.61634],[-47.87724,-15.61733],[-47.87829,-15.61669],[-47.87992,-15.61611],[-47.88171,-15.61647],[-47.88378,-15.61753],[-47.88607,-15.61615],[-47.88728,-15.61243],[-47.88848,-15.61053],[-47.89018,-15.60899],[-47.89193,-15.60837],[-47.89223,-15.60763],[-47.89181,-15.60711],[-47.8921,-15.60615],[-47.89129,-15.6052],[-47.89154,-15.60393],[-47.89037,-15.602],[-47.89049,-15.60129],[-47.8898,-15.60031],[-47.88996,-15.59887],[-47.88928,-15.59848],[-47.88849,-15.59724],[-47.88868,-15.59667],[-47.8881,-15.59616],[-47.88757,-15.59473],[-47.8881,-15.59467],[-47.88765,-15.59395],[-47.88681,-15.59461],[-47.88615,-15.5941],[-47.88686,-15.59399],[-47.88689,-15.59328],[-47.88579,-15.59343],[-47.88504,-15.59313],[-47.88528,-15.59243],[-47.88618,-15.59233],[-47.88899,-15.59331],[-47.89055,-15.59319],[-47.89556,-15.59035],[-47.89699,-15.59056],[-47.90019,-15.59317],[-47.90114,-15.59368],[-47.90229,-15.59386],[-47.90398,-15.59354],[-47.91347,-15.59119],[-47.92534,-15.58722],[-47.92736,-15.58585],[-47.93152,-15.58162],[-47.93503,-15.57935],[-47.93641,-15.5779],[-47.93691,-15.57693],[-47.93792,-15.57371],[-47.93899,-15.57321],[-47.94302,-15.57461],[-47.94441,-15.57456],[-47.94674,-15.57329],[-47.94738,-15.57352],[-47.94844,-15.57496],[-47.9502,-15.57562],[-47.95147,-15.57502],[-47.95419,-15.57072],[-47.9556,-15.56639],[-47.95577,-15.56535],[-47.95542,-15.56435],[-47.95127,-15.55944],[-47.95081,-15.55855],[-47.95107,-15.5569],[-47.95207,-15.55402],[-47.95201,-15.5532],[-47.95067,-15.5517],[-47.95071,-15.55033],[-47.95586,-15.54521],[-47.95797,-15.5426],[-47.95962,-15.54126],[-47.96296,-15.53947],[-47.96557,-15.53716],[-47.96691,-15.5324],[-47.96747,-15.53149],[-47.96982,-15.53019],[-47.97027,-15.52969],[-47.97046,-15.52835],[-47.96896,-15.52521],[-47.96939,-15.52412],[-47.97316,-15.52034],[-47.9735,-15.51919],[-47.97328,-15.5147],[-47.9735,-15.51261],[-47.97404,-15.5108],[-47.97398,-15.50738],[-47.97466,-15.50488],[-47.97596,-15.50243],[-48.03478,-15.50241],[-48.03406,-15.50395],[-48.03425,-15.50503],[-48.0371,-15.5109],[-48.03942,-15.51663],[-48.03978,-15.51911],[-48.03908,-15.52452],[-48.03873,-15.52594],[-48.03791,-15.52767],[-48.03552,-15.5312],[-48.03431,-15.53155],[-48.03241,-15.53061],[-48.03186,-15.53165],[-48.03291,-15.53329],[-48.03621,-15.53643],[-48.04157,-15.54122],[-48.04258,-15.54249],[-48.04357,-15.54467],[-48.04388,-15.54664],[-48.04372,-15.54772],[-48.04309,-15.54925],[-48.04171,-15.55075],[-48.03615,-15.55405],[-48.0349,-15.55515],[-48.03387,-15.55699],[-48.0336,-15.55888],[-48.03397,-15.5605],[-48.03529,-15.56328],[-48.03537,-15.56419],[-48.03471,-15.56568],[-48.02488,-15.57301],[-48.02345,-15.57458],[-48.017,-15.5824],[-48.01416,-15.57994],[-48.01275,-15.57908],[-48.01073,-15.5783],[-48.00933,-15.57804],[-48.00615,-15.57812],[-48.0041,-15.5787],[-48.00176,-15.58005],[-47.97452,-15.60071],[-47.9705,-15.60374],[-47.96154,-15.61058],[-47.95657,-15.61432],[-47.93193,-15.6324],[-47.92317,-15.63883],[-47.91201,-15.64696],[-47.90012,-15.65572],[-47.88366,-15.6678],[-47.88308,-15.66826],[-47.86473,-15.68394],[-47.86085,-15.68729],[-47.8595,-15.68823]]]},"properties":{"ra_nome":"SOBRADINHO II"}},
{"type":"Feature","geometry":{"type":"Polygon","coordinates":[[[-48.21909,-15.93485],[-48.21917,-15.93472],[-48.21929,-15.93452],[-48.2195,-15.93434],[-48.22023,-15.93402],[-48.22174,-15.93445],[-48.22184,-15.93558],[-48.22265,-15.93601],[-48.22364,-15.9346],[-48.22627,-15.93401],[-48.22656,-15.93269],[-48.22826,-15.93145],[-48.22906,-15.93237],[-48.22992,-15.93183],[-48.23048,-15.93344],[-48.23097,-15.93322],[-48.23229,-15.93361],[-48.23231,-15.9343],[-48.2328,-15.93395],[-48.23314,-15.93396],[-48.23317,-15.93398],[-48.2332,-15.93404],[-48.23319,-15.93414],[-48.23308,-15.9344],[-48.23308,-15.93446],[-48.23309,-15.93449],[-48.23356,-15.93514],[-48.23397,-15.93529],[-48.2347,-15.93494],[-48.2347,-15.9349],[-48.23467,-15.93479],[-48.23458,-15.93472],[-48.23457,-15.93468],[-48.2346,-15.93464],[-48.23479,-15.93453],[-48.23482,-15.93448],[-48.23482,-15.93442],[-48.23452,-15.93407],[-48.23435,-15.9337],[-48.23436,-15.93362],[-48.23435,-15.93349],[-48.23445,-15.93339],[-48.23474,-15.93342],[-48.23497,-15.93291],[-48.23565,-15.9325],[-48.23745,-15.93061],[-48.23804,-15.92958],[-48.23866,-15.92917],[-48.24001,-15.92938],[-48.24093,-15.93093],[-48.2418,-15.93145],[-48.24266,-15.93192],[-48.24324,-15.932],[-48.24359,-15.93203],[-48.24368,-15.93206],[-48.24375,-15.93201],[-48.24394,-15.93197],[-48.24468,-15.93197],[-48.24514,-15.93187],[-48.24591,-15.93197],[-48.24662,-15.93326],[-48.2483,-15.93387],[-48.25052,-15.93373],[-48.25115,-15.93421],[-48.25158,-15.93477],[-48.2519,-15.935],[-48.25241,-15.93545],[-48.25246,-15.93551],[-48.25248,-15.93555],[-48.25247,-15.93566],[-48.25245,-15.93575],[-48.25221,-15.93592],[-48.25138,-15.93747],[-48.25135,-15.93788],[-48.2527,-15.94021],[-48.2522,-15.94122],[-48.25275,-15.94247],[-48.2529,-15.94421],[-48.25233,-15.94487],[-48.25137,-15.94384],[-48.25085,-15.94382],[-48.2506,-15.94586],[-48.25016,-15.94758],[-48.25046,-15.94811],[-48.25166,-15.9478],[-48.25331,-15.94641],[-48.25344,-15.94852],[-48.25249,-15.94836],[-48.25214,-15.94884],[-48.25209,-15.95114],[-48.2518,-15.95325],[-48.25142,-15.95386],[-48.25135,-15.9554],[-48.2505,-15.95548],[-48.24937,-15.95495],[-48.2491,-15.95445],[-48.24757,-15.95413],[-48.24723,-15.95453],[-48.2452,-15.95471],[-48.24429,-15.95432],[-48.24241,-15.95289],[-48.2415,-15.95331],[-48.24109,-15.95284],[-48.23998,-15.9529],[-48.23884,-15.95241],[-48.23712,-15.95239],[-48.23643,-15.95321],[-48.23532,-15.95303],[-48.23306,-15.95321],[-48.23131,-15.95405],[-48.22964,-15.95323],[-48.22922,-15.9537],[-48.22695,-15.95292],[-48.22469,-15.95391],[-48.22326,-15.95547],[-48.22214,-15.95778],[-48.22025,-15.9583],[-48.21674,-15.95818],[-48.21484,-15.9575],[-48.21323,-15.95615],[-48.21248,-15.95435],[-48.21115,-15.95316],[-48.2108,-15.95254],[-48.21235,-15.95084],[-48.2132,-15.94954],[-48.21443,-15.94914],[-48.21601,-15.94653],[-48.21657,-15.94618],[-48.21747,-15.94407],[-48.21401,-15.94271],[-48.21355,-15.94253],[-48.21522,-15.93978],[-48.21615,-15.93802],[-48.21713,-15.93717],[-48.21734,-15.93659],[-48.21812,-15.9359],[-48.21858,-15.93521],[-48.21885,-15.93511],[-48.21902,-15.93496],[-48.21908,-15.93486],[-48.21909,-15.93485]]]},"properties":{"ra_nome":"AGUA QUENTE"}},
{"type":"Feature","geometry":{"type":"Polygon","coordinates":[[[-48.11192,-15.77044],[-48.1109,-15.77026],[-48.10867,-15.76904],[-48.10767,-15.76925],[-48.10523,-15.76757],[-48.10267,-15.76685],[-48.09916,-15.76529],[-48.09755,-15.76587],[-48.09631,-15.76527],[-48.09487,-15.76514],[-48.09133,-15.76349],[-48.08971,-15.7625],[-48.08863,-15.76155],[-48.0872,-15.76131],[-48.08529,-15.76011],[-48.08424,-15.76004],[-48.08146,-15.75926],[-48.08045,-15.75821],[-48.07698,-15.75711],[-48.07573,-15.75794],[-48.07259,-15.75902],[-48.07125,-15.75867],[-48.06876,-15.75943],[-48.0683,-15.75853],[-48.06721,-15.75783],[-48.06643,-15.7569],[-48.06585,-15.75544],[-48.06574,-15.75395],[-48.06659,-15.75195],[-48.06715,-15.7511],[-48.06681,-15.75021],[-48.06774,-15.74967],[-48.0678,-15.74873],[-48.06841,-15.74715],[-48.06979,-15.74569],[-48.07071,-15.74439],[-48.07151,-15.74241],[-48.07251,-15.74137],[-48.07217,-15.74037],[-48.07269,-15.73887],[-48.07367,-15.73759],[-48.07291,-15.73646],[-48.07574,-15.7354],[-48.07802,-15.73414],[-48.08128,-15.73201],[-48.08368,-15.72982],[-48.0848,-15.72821],[-48.08563,-15.7265],[-48.08652,-15.72315],[-48.08675,-15.72042],[-48.08835,-15.69846],[-48.08968,-15.68041],[-48.08964,-15.67784],[-48.08922,-15.67587],[-48.08568,-15.6636],[-48.0793,-15.64168],[-48.07682,-15.63305],[-48.07632,-15.63154],[-48.07528,-15.6295],[-48.07355,-15.62726],[-48.07208,-15.62593],[-48.07,-15.62456],[-48.05947,-15.61975],[-48.04862,-15.61475],[-48.04635,-15.61342],[-48.04509,-15.61246],[-48.04352,-15.6109],[-48.03846,-15.60477],[-48.03387,-15.59913],[-48.02916,-15.59344],[-48.02755,-15.59164],[-48.02612,-15.59027],[-48.017,-15.5824],[-48.02345,-15.57458],[-48.02488,-15.57301],[-48.03471,-15.56568],[-48.03537,-15.56419],[-48.03529,-15.56328],[-48.03397,-15.5605],[-48.0336,-15.55888],[-48.03387,-15.55699],[-48.0349,-15.55515],[-48.03615,-15.55405],[-48.04171,-15.55075],[-48.04309,-15.54925],[-48.04372,-15.54772],[-48.04388,-15.54664],[-48.04357,-15.54467],[-48.04258,-15.54249],[-48.04157,-15.54122],[-48.03621,-15.53643],[-48.03291,-15.53329],[-48.03186,-15.53165],[-48.03241,-15.53061],[-48.03431,-15.53155],[-48.03552,-15.5312],[-48.03791,-15.52767],[-48.03873,-15.52594],[-48.03908,-15.52452],[-48.03978,-15.51911],[-48.03942,-15.51663],[-48.0371,-15.5109],[-48.03425,-15.50503],[-48.03406,-15.50395],[-48.03478,-15.50241],[-48.20001,-15.50228],[-48.20001,-15.5627],[-48.20001,-15.60068],[-48.20001,-15.62311],[-48.20132,-15.62294],[-48.20358,-15.62446],[-48.20513,-15.62372],[-48.20603,-15.62371],[-48.20756,-15.62311],[-48.20888,-15.62317],[-48.21184,-15.62254],[-48.21383,-15.62291],[-48.21518,-15.62272],[-48.21685,-15.62208],[-48.21801,-15.62307],[-48.21849,-15.62421],[-48.21994,-15.62586],[-48.22087,-15.62746],[-48.22328,-15.62823],[-48.2247,-15.62918],[-48.22581,-15.6304],[-48.22602,-15.63128],[-48.22753,-15.6328],[-48.22832,-15.63335],[-48.22926,-15.6354],[-48.22963,-15.6373],[-48.22993,-15.63778],[-48.23189,-15.6394],[-48.23273,-15.64057],[-48.23397,-15.64122],[-48.23456,-15.64348],[-48.23509,-15.64708],[-48.23549,-15.64836],[-48.23629,-15.64954],[-48.23655,-15.65051],[-48.23625,-15.65214],[-48.23558,-15.65444],[-48.23475,-15.65601],[-48.23368,-15.65737],[-48.23419,-15.65794],[-48.23488,-15.65983],[-48.23516,-15.66159],[-48.23464,-15.66527],[-48.23458,-15.66674],[-48.23509,-15.66877],[-48.23695,-15.67227],[-48.23792,-15.67639],[-48.23858,-15.67783],[-48.23894,-15.67936],[-48.23938,-15.68009],[-48.23958,-15.68223],[-48.24151,-15.68705],[-48.24121,-15.68735],[-48.24115,-15.69062],[-48.24065,-15.69289],[-48.24136,-15.69311],[-48.24143,-15.69402],[-48.23976,-15.69506],[-48.23952,-15.69653],[-48.23923,-15.69673],[-48.23962,-15.69897],[-48.24006,-15.69938],[-48.23997,-15.70116],[-48.2405,-15.70184],[-48.24033,-15.70298],[-48.24145,-15.7038],[-48.24107,-15.70502],[-48.24125,-15.70544],[-48.2391,-15.70764],[-48.23755,-15.70844],[-48.23693,-15.70792],[-48.23648,-15.70866],[-48.2348,-15.70895],[-48.23344,-15.70851],[-48.23249,-15.70954],[-48.231,-15.70962],[-48.23004,-15.70928],[-48.22877,-15.70928],[-48.22754,-15.70842],[-48.22746,-15.70898],[-48.22647,-15.70914],[-48.22524,-15.70975],[-48.22394,-15.70953],[-48.22275,-15.70814],[-48.22194,-15.70821],[-48.2214,-15.70898],[-48.2205,-15.70868],[-48.21914,-15.70902],[-48.21723,-15.70989],[-48.21588,-15.71014],[-48.21388,-15.71121],[-48.21027,-15.71276],[-48.20778,-15.71767],[-48.20771,-15.7238],[-48.20661,-15.73225],[-48.20825,-15.74034],[-48.20556,-15.74704],[-48.20561,-15.75034],[-48.20344,-15.75038],[-48.19675,-15.74944],[-48.19327,-15.74859],[-48.18951,-15.74722],[-48.1888,-15.74666],[-48.18639,-15.74623],[-48.18531,-15.74645],[-48.182,-15.748],[-48.17764,-15.75067],[-48.17591,-15.75182],[-48.17511,-15.75274],[-48.17426,-15.7526],[-48.17388,-15.75185],[-48.17403,-15.75103],[-48.17244,-15.75065],[-48.17087,-15.75153],[-48.16987,-15.75241],[-48.16736,-15.75328],[-48.16673,-15.75472],[-48.16595,-15.75549],[-48.1654,-15.75547],[-48.16469,-15.75639],[-48.16343,-15.7568],[-48.16298,-15.75756],[-48.16126,-15.75911],[-48.16114,-15.75964],[-48.15983,-15.76072],[-48.15953,-15.76219],[-48.15901,-15.76215],[-48.15922,-15.76301],[-48.15889,-15.76367],[-48.15762,-15.76419],[-48.15842,-15.76533],[-48.158,-15.76634],[-48.15834,-15.76702],[-48.15712,-15.7675],[-48.15652,-15.76729],[-48.15452,-15.76778],[-48.15342,-15.76779],[-48.15165,-15.76814],[-48.15092,-15.76801],[-48.14974,-15.7687],[-48.14837,-15.76901],[-48.14716,-15.76861],[-48.14527,-15.76882],[-48.14382,-15.76806],[-48.14279,-15.76827],[-48.14178,-15.76767],[-48.13823,-15.76817],[-48.13754,-15.7677],[-48.13591,-15.7682],[-48.13559,-15.76783],[-48.13465,-15.76795],[-48.13426,-15.76932],[-48.13367,-15.76978],[-48.132,-15.76968],[-48.13235,-15.77051],[-48.13154,-15.77141],[-48.13016,-15.77101],[-48.12814,-15.76954],[-48.12683,-15.76984],[-48.12566,-15.76881],[-48.12488,-15.76982],[-48.12364,-15.76995],[-48.1234,-15.7696],[-48.12105,-15.77001],[-48.12025,-15.77107],[-48.11882,-15.77073],[-48.11699,-15.77117],[-48.11659,-15.77101],[-48.1142,-15.77147],[-48.11192,-15.77044]]]},"properties":{"ra_nome":"BRAZLÂNDIA"}},
{"type":"Feature","geometry":{"type":"Polygon","coordinates":[[[-47.76379,-15.52734],[-47.76398,-15.52598],[-47.76359,-15.52546],[-47.76411,-15.52513],[-47.76305,-15.52399],[-47.76258,-15.52481],[-47.76195,-15.52434],[-47.76227,-15.52361],[-47.76159,-15.52284],[-47.76149,-15.52077],[-47.76223,-15.52086],[-47.7622,-15.51995],[-47.7629,-15.51985],[-47.76399,-15.5203],[-47.76422,-15.51956],[-47.76471,-15.51973],[-47.76574,-15.52162],[-47.76576,-15.52033],[-47.76784,-15.52088],[-47.76696,-15.51911],[-47.76807,-15.5191],[-47.76843,-15.51728],[-47.76989,-15.51722],[-47.77066,-15.51659],[-47.77079,-15.51566],[-47.77192,-15.51611],[-47.77231,-15.51533],[-47.77177,-15.51503],[-47.77352,-15.5148],[-47.77422,-15.51495],[-47.77302,-15.51391],[-47.77305,-15.51467],[-47.77124,-15.51428],[-47.77169,-15.51305],[-47.77249,-15.51208],[-47.77224,-15.51079],[-47.7712,-15.51058],[-47.77169,-15.50975],[-47.77132,-15.50905],[-47.77017,-15.50869],[-47.77037,-15.507],[-47.77111,-15.50456],[-47.77101,-15.5034],[-47.77207,-15.50237],[-47.97596,-15.50243],[-47.97466,-15.50488],[-47.97398,-15.50738],[-47.97404,-15.5108],[-47.9735,-15.51261],[-47.97328,-15.5147],[-47.9735,-15.51919],[-47.97316,-15.52034],[-47.96939,-15.52412],[-47.96896,-15.52521],[-47.97046,-15.52835],[-47.97027,-15.52969],[-47.96982,-15.53019],[-47.96747,-15.53149],[-47.96691,-15.5324],[-47.96557,-15.53716],[-47.96296,-15.53947],[-47.95962,-15.54126],[-47.95797,-15.5426],[-47.95586,-15.54521],[-47.95071,-15.55033],[-47.95067,-15.5517],[-47.95201,-15.5532],[-47.95207,-15.55402],[-47.95107,-15.5569],[-47.95081,-15.55855],[-47.95127,-15.55944],[-47.95542,-15.56435],[-47.95577,-15.56535],[-47.9556,-15.56639],[-47.95419,-15.57072],[-47.95147,-15.57502],[-47.9502,-15.57562],[-47.94844,-15.57496],[-47.94738,-15.57352],[-47.94674,-15.57329],[-47.94441,-15.57456],[-47.94302,-15.57461],[-47.93899,-15.57321],[-47.93792,-15.57371],[-47.93691,-15.57693],[-47.93641,-15.5779],[-47.93503,-15.57935],[-47.93152,-15.58162],[-47.92736,-15.58585],[-47.92534,-15.58722],[-47.91347,-15.59119],[-47.90398,-15.59354],[-47.90229,-15.59386],[-47.90114,-15.59368],[-47.90019,-15.59317],[-47.89699,-15.59056],[-47.89556,-15.59035],[-47.89055,-15.59319],[-47.88899,-15.59331],[-47.88618,-15.59233],[-47.88528,-15.59243],[-47.88504,-15.59313],[-47.88579,-15.59343],[-47.88689,-15.59328],[-47.88686,-15.59399],[-47.88615,-15.5941],[-47.88681,-15.59461],[-47.88765,-15.59395],[-47.8881,-15.59467],[-47.88757,-15.59473],[-47.8881,-15.59616],[-47.88868,-15.59667],[-47.88849,-15.59724],[-47.88928,-15.59848],[-47.88996,-15.59887],[-47.8898,-15.60031],[-47.89049,-15.60129],[-47.89037,-15.602],[-47.89154,-15.60393],[-47.89129,-15.6052],[-47.8921,-15.60615],[-47.89181,-15.60711],[-47.89223,-15.60763],[-47.89193,-15.60837],[-47.89018,-15.60899],[-47.88848,-15.61053],[-47.88728,-15.61243],[-47.88607,-15.61615],[-47.88378,-15.61753],[-47.88171,-15.61647],[-47.87992,-15.61611],[-47.87829,-15.61669],[-47.87724,-15.61733],[-47.87643,-15.61634],[-47.87625,-15.61547],[-47.8748,-15.61419],[-47.87365,-15.61367],[-47.87205,-15.61425],[-47.87029,-15.61314],[-47.87052,-15.61216],[-47.86913,-15.61378],[-47.86873,-15.61755],[-47.86834,-15.61854],[-47.86742,-15.61965],[-47.86632,-15.62016],[-47.86525,-15.62006],[-47.86569,-15.6194],[-47.86592,-15.61806],[-47.8654,-15.61677],[-47.86471,-15.61658],[-47.86259,-15.61443],[-47.86211,-15.61328],[-47.86146,-15.61305],[-47.86144,-15.6119],[-47.8609,-15.61071],[-47.86039,-15.61047],[-47.86032,-15.60944],[-47.86156,-15.60907],[-47.86132,-15.60838],[-47.86195,-15.60642],[-47.86155,-15.60475],[-47.86209,-15.6043],[-47.86214,-15.60299],[-47.8625,-15.60299],[-47.86282,-15.60195],[-47.8615,-15.60174],[-47.85919,-15.60316],[-47.85907,-15.60252],[-47.85789,-15.60155],[-47.85864,-15.60001],[-47.85871,-15.59904],[-47.85767,-15.59862],[-47.85782,-15.59915],[-47.85641,-15.59758],[-47.85604,-15.5981],[-47.85506,-15.59766],[-47.85435,-15.5979],[-47.85389,-15.59752],[-47.85253,-15.59726],[-47.85129,-15.59651],[-47.85005,-15.5965],[-47.84922,-15.59707],[-47.84789,-15.59609],[-47.84713,-15.59601],[-47.84641,-15.59665],[-47.84492,-15.59625],[-47.84444,-15.59544],[-47.84292,-15.59562],[-47.84181,-15.59708],[-47.841,-15.59853],[-47.83861,-15.5985],[-47.83771,-15.59873],[-47.83724,-15.59835],[-47.83582,-15.59835],[-47.83608,-15.59626],[-47.83669,-15.59367],[-47.83736,-15.59293],[-47.84234,-15.59072],[-47.84304,-15.59013],[-47.84228,-15.5894],[-47.84095,-15.58901],[-47.84097,-15.5886],[-47.84229,-15.58843],[-47.84376,-15.58743],[-47.84402,-15.58637],[-47.84394,-15.58445],[-47.84419,-15.58345],[-47.8436,-15.58285],[-47.84388,-15.58157],[-47.84315,-15.58119],[-47.84295,-15.57989],[-47.8435,-15.57863],[-47.84255,-15.57688],[-47.84353,-15.57507],[-47.8439,-15.57375],[-47.84288,-15.5725],[-47.84159,-15.57249],[-47.84156,-15.57212],[-47.83946,-15.57148],[-47.83912,-15.56899],[-47.83997,-15.56859],[-47.84004,-15.56779],[-47.84087,-15.56659],[-47.84085,-15.56562],[-47.84028,-15.56571],[-47.83922,-15.56481],[-47.83887,-15.56346],[-47.83899,-15.56218],[-47.8403,-15.56127],[-47.84075,-15.5602],[-47.84086,-15.55894],[-47.8406,-15.55796],[-47.84109,-15.55717],[-47.83595,-15.55016],[-47.83534,-15.54815],[-47.83543,-15.54724],[-47.83624,-15.54355],[-47.83654,-15.54144],[-47.83654,-15.53966],[-47.83593,-15.53219],[-47.83544,-15.53077],[-47.83477,-15.5303],[-47.8316,-15.53009],[-47.82944,-15.52956],[-47.82132,-15.52628],[-47.81501,-15.52378],[-47.8131,-15.5234],[-47.8114,-15.52341],[-47.81,-15.52369],[-47.80533,-15.52529],[-47.80353,-15.52562],[-47.80192,-15.52558],[-47.79267,-15.52435],[-47.79053,-15.52461],[-47.78003,-15.52907],[-47.77764,-15.52954],[-47.77588,-15.52953],[-47.77467,-15.52924],[-47.77316,-15.52853],[-47.77119,-15.5271],[-47.7698,-15.52657],[-47.76788,-15.52678],[-47.76551,-15.5276],[-47.76379,-15.52734]]]},"properties":{"ra_nome":"FERCAL"}},
{"type":"Feature","geometry":{"type":"Polygon","coordinates":[[[-47.89239,-15.96934],[-47.89151,-15.97127],[-47.89016,-15.97108],[-47.89005,-15.97174],[-47.88934,-15.97208],[-47.88942,-15.9728],[-47.88858,-15.97495],[-47.88795,-15.97547],[-47.88755,-15.97665],[-47.88544,-15.97711],[-47.88473,-15.97784],[-47.88405,-15.98053],[-47.88301,-15.98268],[-47.88165,-15.98472],[-47.88096,-15.98645],[-47.88087,-15.98744],[-47.88036,-15.9885],[-47.88029,-15.99062],[-47.87907,-15.99234],[-47.87801,-15.99515],[-47.87793,-15.99682],[-47.87834,-15.99822],[-47.87847,-15.99982],[-47.87806,-16.00134],[-47.87724,-16.00325],[-47.87609,-16.00541],[-47.87555,-16.00772],[-47.87385,-16.01077],[-47.87263,-16.01086],[-47.87153,-16.0124],[-47.87054,-16.01276],[-47.87135,-16.01375],[-47.87326,-16.01469],[-47.87498,-16.01534],[-47.87572,-16.01669],[-47.87666,-16.01766],[-47.87703,-16.01847],[-47.87714,-16.02078],[-47.87605,-16.02234],[-47.87491,-16.02493],[-47.87488,-16.02725],[-47.87354,-16.02865],[-47.87261,-16.03071],[-47.87256,-16.0317],[-47.87163,-16.03214],[-47.87094,-16.0332],[-47.8707,-16.0344],[-47.86971,-16.03485],[-47.86915,-16.0364],[-47.8685,-16.03742],[-47.8693,-16.03797],[-47.8706,-16.03793],[-47.8712,-16.03834],[-47.87145,-16.03816],[-47.87261,-16.03862],[-47.8726,-16.03865],[-47.87267,-16.0391],[-47.87278,-16.03922],[-47.87286,-16.03927],[-47.87295,-16.03933],[-47.8743,-16.03887],[-47.87574,-16.0393],[-47.87647,-16.04038],[-47.8789,-16.04163],[-47.87917,-16.04297],[-47.88079,-16.04422],[-47.88097,-16.04518],[-47.88169,-16.04613],[-47.88269,-16.04675],[-47.88437,-16.04675],[-47.88564,-16.04747],[-47.88773,-16.04923],[-47.88854,-16.05028],[-47.81517,-16.05033],[-47.72117,-16.05036],[-47.7219,-16.04649],[-47.72258,-16.04394],[-47.72476,-16.04225],[-47.7248,-16.04209],[-47.72679,-16.04072],[-47.72739,-16.04052],[-47.72744,-16.0405],[-47.72764,-16.04046],[-47.72744,-16.03564],[-47.73043,-16.03101],[-47.73131,-16.03076],[-47.73173,-16.03016],[-47.73274,-16.03073],[-47.73347,-16.03162],[-47.73425,-16.03184],[-47.76068,-16.03056],[-47.75989,-16.02947],[-47.75954,-16.02808],[-47.76073,-16.02481],[-47.762,-16.02287],[-47.76352,-16.02176],[-47.76436,-16.02032],[-47.76448,-16.01835],[-47.76402,-16.01717],[-47.76297,-16.01539],[-47.76244,-16.01413],[-47.76274,-16.01144],[-47.76252,-16.00966],[-47.76276,-16.00916],[-47.76486,-16.00746],[-47.76601,-16.00671],[-47.76637,-16.00588],[-47.7677,-16.00438],[-47.7692,-16.00105],[-47.77016,-15.99981],[-47.77963,-15.98944],[-47.77932,-15.98786],[-47.77824,-15.98596],[-47.77855,-15.98493],[-47.77589,-15.98373],[-47.77503,-15.98302],[-47.77312,-15.98346],[-47.77192,-15.98295],[-47.76991,-15.98148],[-47.76873,-15.98113],[-47.76759,-15.9796],[-47.76523,-15.97921],[-47.76451,-15.97777],[-47.76315,-15.97571],[-47.76201,-15.97493],[-47.76106,-15.97365],[-47.75968,-15.97312],[-47.76044,-15.97244],[-47.76165,-15.97236],[-47.76177,-15.97179],[-47.76366,-15.97023],[-47.76392,-15.96963],[-47.76498,-15.96917],[-47.76636,-15.96926],[-47.76667,-15.96891],[-47.76854,-15.96841],[-47.7694,-15.96743],[-47.77034,-15.96735],[-47.77067,-15.96669],[-47.77156,-15.96671],[-47.77204,-15.96597],[-47.77342,-15.96546],[-47.77494,-15.96565],[-47.77677,-15.96454],[-47.77884,-15.96435],[-47.77972,-15.96386],[-47.78024,-15.96411],[-47.78155,-15.96363],[-47.7824,-15.96293],[-47.78494,-15.96255],[-47.78568,-15.96207],[-47.78752,-15.96204],[-47.78955,-15.96084],[-47.79028,-15.95985],[-47.79151,-15.95972],[-47.79267,-15.95806],[-47.79396,-15.95712],[-47.79333,-15.95618],[-47.79331,-15.955],[-47.79403,-15.95405],[-47.79375,-15.95357],[-47.79466,-15.95209],[-47.79731,-15.94933],[-47.79755,-15.94854],[-47.79857,-15.94807],[-47.79941,-15.94684],[-47.80032,-15.94648],[-47.80114,-15.94551],[-47.80245,-15.94332],[-47.80421,-15.94145],[-47.80499,-15.94135],[-47.80559,-15.93987],[-47.80746,-15.93877],[-47.80634,-15.93587],[-47.80521,-15.93366],[-47.80454,-15.93132],[-47.80396,-15.93133],[-47.80236,-15.93049],[-47.80186,-15.92964],[-47.80106,-15.92938],[-47.79999,-15.92835],[-47.79829,-15.92772],[-47.79729,-15.92767],[-47.79569,-15.92678],[-47.79217,-15.92636],[-47.79141,-15.92595],[-47.78938,-15.92581],[-47.7885,-15.92526],[-47.7873,-15.92493],[-47.78638,-15.92505],[-47.78539,-15.92468],[-47.7802,-15.92365],[-47.77833,-15.92268],[-47.77738,-15.92037],[-47.77733,-15.91964],[-47.7765,-15.9177],[-47.77668,-15.91703],[-47.77541,-15.91596],[-47.77515,-15.91482],[-47.77437,-15.91398],[-47.77393,-15.91408],[-47.77298,-15.91331],[-47.77247,-15.91246],[-47.77302,-15.91236],[-47.7745,-15.91316],[-47.77625,-15.91329],[-47.77736,-15.91291],[-47.78072,-15.91348],[-47.78239,-15.91262],[-47.78267,-15.91148],[-47.78338,-15.91006],[-47.78411,-15.90955],[-47.78464,-15.90838],[-47.78653,-15.9072],[-47.78852,-15.90652],[-47.78995,-15.90631],[-47.79039,-15.90394],[-47.79216,-15.9032],[-47.7926,-15.90263],[-47.79383,-15.90224],[-47.79432,-15.90074],[-47.79296,-15.89768],[-47.79443,-15.89707],[-47.79402,-15.89495],[-47.79278,-15.89321],[-47.79536,-15.89169],[-47.79381,-15.89059],[-47.79387,-15.8902],[-47.79532,-15.88895],[-47.79513,-15.88688],[-47.79619,-15.88628],[-47.79646,-15.88564],[-47.79602,-15.883],[-47.79515,-15.88186],[-47.79557,-15.88102],[-47.79534,-15.88028],[-47.79563,-15.87945],[-47.79795,-15.881],[-47.80209,-15.88119],[-47.80152,-15.87968],[-47.79999,-15.87914],[-47.79905,-15.87747],[-47.79847,-15.87739],[-47.79675,-15.87574],[-47.79521,-15.87546],[-47.79483,-15.87511],[-47.79321,-15.87499],[-47.79014,-15.87524],[-47.78737,-15.87661],[-47.78613,-15.87778],[-47.78619,-15.87809],[-47.78495,-15.87932],[-47.78134,-15.8809],[-47.78018,-15.88171],[-47.77842,-15.882],[-47.77837,-15.88278],[-47.77775,-15.88416],[-47.77666,-15.885],[-47.77412,-15.88552],[-47.77351,-15.88634],[-47.7729,-15.88807],[-47.77138,-15.88965],[-47.77092,-15.89052],[-47.77097,-15.8913],[-47.76847,-15.89307],[-47.76813,-15.89364],[-47.76803,-15.89512],[-47.76714,-15.89606],[-47.7669,-15.89685],[-47.76481,-15.89821],[-47.76496,-15.89872],[-47.76446,-15.89962],[-47.76322,-15.90042],[-47.76207,-15.90236],[-47.76126,-15.90303],[-47.75928,-15.90114],[-47.75736,-15.90251],[-47.75589,-15.90271],[-47.75469,-15.90255],[-47.75442,-15.90298],[-47.75225,-15.90231],[-47.75178,-15.90173],[-47.75026,-15.90163],[-47.74848,-15.90109],[-47.74818,-15.90151],[-47.74679,-15.9015],[-47.74639,-15.90081],[-47.74449,-15.9005],[-47.74305,-15.89951],[-47.74241,-15.89956],[-47.74211,-15.90027],[-47.74169,-15.89978],[-47.74197,-15.89893],[-47.74013,-15.89848],[-47.73834,-15.89841],[-47.73759,-15.89914],[-47.73643,-15.89918],[-47.73594,-15.89868],[-47.73452,-15.89834],[-47.73396,-15.89858],[-47.73291,-15.89816],[-47.73174,-15.89726],[-47.73081,-15.89612],[-47.73013,-15.8959],[-47.72891,-15.8947],[-47.72827,-15.8935],[-47.72747,-15.89286],[-47.72678,-15.89281],[-47.72635,-15.89221],[-47.72553,-15.89239],[-47.72471,-15.89204],[-47.72351,-15.89105],[-47.72251,-15.89161],[-47.72016,-15.89118],[-47.71906,-15.89191],[-47.7178,-15.89225],[-47.71713,-15.89207],[-47.71482,-15.89219],[-47.7142,-15.89263],[-47.71417,-15.89378],[-47.71472,-15.89422],[-47.71368,-15.89434],[-47.71357,-15.8932],[-47.71241,-15.89257],[-47.71036,-15.89395],[-47.71024,-15.89469],[-47.70925,-15.89384],[-47.70958,-15.89316],[-47.70868,-15.8931],[-47.70755,-15.89374],[-47.70722,-15.89356],[-47.70679,-15.89163],[-47.70769,-15.8913],[-47.70929,-15.89186],[-47.7094,-15.89104],[-47.70815,-15.88974],[-47.71004,-15.88815],[-47.71142,-15.88836],[-47.71194,-15.88791],[-47.71165,-15.88651],[-47.71099,-15.8861],[-47.70979,-15.88628],[-47.70927,-15.8856],[-47.71039,-15.88462],[-47.71032,-15.88401],[-47.70944,-15.88375],[-47.70922,-15.88193],[-47.70796,-15.88077],[-47.70763,-15.87996],[-47.70856,-15.87727],[-47.70933,-15.87773],[-47.70976,-15.87738],[-47.7095,-15.87555],[-47.71003,-15.87493],[-47.71087,-15.87594],[-47.71284,-15.87549],[-47.71313,-15.87633],[-47.71363,-15.87604],[-47.71459,-15.8768],[-47.7144,-15.87798],[-47.71542,-15.87803],[-47.71634,-15.8772],[-47.71689,-15.87833],[-47.71736,-15.87754],[-47.71838,-15.87696],[-47.71954,-15.87735],[-47.71982,-15.87624],[-47.72039,-15.87676],[-47.72087,-15.87595],[-47.72225,-15.87655],[-47.72204,-15.8755],[-47.72249,-15.87549],[-47.72383,-15.87463],[-47.72411,-15.87556],[-47.72453,-15.87554],[-47.72534,-15.87446],[-47.72646,-15.87459],[-47.72725,-15.8752],[-47.72767,-15.87417],[-47.7284,-15.87458],[-47.72909,-15.87398],[-47.73015,-15.87436],[-47.73089,-15.87406],[-47.73086,-15.87313],[-47.732,-15.87352],[-47.7322,-15.87232],[-47.7367,-15.87172],[-47.73673,-15.87101],[-47.73765,-15.8705],[-47.73899,-15.8704],[-47.74013,-15.87069],[-47.74011,-15.86996],[-47.74104,-15.86991],[-47.74098,-15.86878],[-47.74144,-15.86885],[-47.74192,-15.86716],[-47.74174,-15.86638],[-47.74262,-15.86539],[-47.74348,-15.86555],[-47.74309,-15.86385],[-47.74344,-15.86348],[-47.74326,-15.86223],[-47.74422,-15.86217],[-47.74443,-15.86131],[-47.74726,-15.85959],[-47.74693,-15.85873],[-47.74735,-15.85807],[-47.74651,-15.856],[-47.74654,-15.85587],[-47.74558,-15.85357],[-47.74669,-15.85343],[-47.74693,-15.8521],[-47.74832,-15.85246],[-47.74847,-15.85095],[-47.74938,-15.85039],[-47.75074,-15.84848],[-47.75218,-15.84775],[-47.7522,-15.847],[-47.75324,-15.84636],[-47.75402,-15.84523],[-47.75473,-15.84503],[-47.75505,-15.84418],[-47.75591,-15.84383],[-47.75611,-15.84322],[-47.75727,-15.84309],[-47.75777,-15.8422],[-47.75938,-15.84195],[-47.76012,-15.84075],[-47.76153,-15.84052],[-47.76256,-15.83947],[-47.7633,-15.83932],[-47.76429,-15.8386],[-47.76574,-15.83844],[-47.7664,-15.83782],[-47.76821,-15.83674],[-47.76866,-15.83683],[-47.77016,-15.83547],[-47.77105,-15.8351],[-47.77175,-15.8344],[-47.77228,-15.83265],[-47.77241,-15.83146],[-47.77119,-15.82809],[-47.7706,-15.82685],[-47.77175,-15.82651],[-47.77234,-15.82582],[-47.77334,-15.82394],[-47.77292,-15.82301],[-47.77304,-15.82194],[-47.76951,-15.82209],[-47.76895,-15.82121],[-47.76816,-15.82105],[-47.76744,-15.81978],[-47.77403,-15.81805],[-47.77553,-15.81749],[-47.78186,-15.81573],[-47.77889,-15.81449],[-47.77742,-15.81356],[-47.77557,-15.81167],[-47.77266,-15.80825],[-47.77114,-15.80684],[-47.77062,-15.80567],[-47.77076,-15.80463],[-47.77194,-15.80151],[-47.77315,-15.79794],[-47.77388,-15.7966],[-47.77468,-15.79593],[-47.77581,-15.79578],[-47.77646,-15.79616],[-47.77653,-15.79776],[-47.77607,-15.79824],[-47.7763,-15.79932],[-47.77707,-15.79953],[-47.77814,-15.79922],[-47.78126,-15.79905],[-47.78392,-15.79786],[-47.78586,-15.80223],[-47.78657,-15.80557],[-47.7884,-15.80962],[-47.79288,-15.81815],[-47.79477,-15.82233],[-47.79605,-15.82448],[-47.79786,-15.82701],[-47.8124,-15.84578],[-47.81394,-15.84746],[-47.81564,-15.85011],[-47.81651,-15.85205],[-47.81984,-15.86293],[-47.82047,-15.86402],[-47.82095,-15.86386],[-47.83074,-15.85929],[-47.84301,-15.86621],[-47.84505,-15.86281],[-47.84292,-15.86161],[-47.85063,-15.85715],[-47.85357,-15.85663],[-47.85561,-15.85854],[-47.85626,-15.85879],[-47.85522,-15.86048],[-47.85393,-15.86415],[-47.85315,-15.86449],[-47.85116,-15.86869],[-47.85698,-15.87124],[-47.85608,-15.87317],[-47.8702,-15.88016],[-47.8801,-15.88494],[-47.89367,-15.90067],[-47.88233,-15.91352],[-47.8836,-15.91371],[-47.8861,-15.91289],[-47.88702,-15.91209],[-47.88848,-15.91132],[-47.88976,-15.91111],[-47.89052,-15.9114],[-47.8936,-15.91172],[-47.89607,-15.91135],[-47.89848,-15.91213],[-47.90086,-15.91176],[-47.90172,-15.91124],[-47.90259,-15.9118],[-47.903,-15.9114],[-47.90427,-15.91211],[-47.9053,-15.91159],[-47.90656,-15.91248],[-47.9078,-15.91248],[-47.9079,-15.91305],[-47.90676,-15.91529],[-47.90607,-15.91549],[-47.90587,-15.91663],[-47.9067,-15.91851],[-47.90658,-15.91907],[-47.90691,-15.92178],[-47.90629,-15.92301],[-47.90633,-15.92381],[-47.90558,-15.92552],[-47.9045,-15.9269],[-47.90419,-15.9283],[-47.90274,-15.93024],[-47.90271,-15.93083],[-47.90169,-15.93242],[-47.90065,-15.93331],[-47.90046,-15.93407],[-47.89967,-15.9342],[-47.89874,-15.93523],[-47.89812,-15.93721],[-47.89808,-15.93866],[-47.8973,-15.94088],[-47.89631,-15.94243],[-47.89673,-15.94441],[-47.89598,-15.94552],[-47.89578,-15.94641],[-47.89399,-15.94752],[-47.89301,-15.94875],[-47.89215,-15.94889],[-47.89076,-15.95091],[-47.88974,-15.95157],[-47.88881,-15.95315],[-47.88808,-15.95583],[-47.88726,-15.95782],[-47.8877,-15.959],[-47.88739,-15.96084],[-47.88747,-15.96754],[-47.89239,-15.96934]]]},"properties":{"ra_nome":"JARDIM BOTÂNICO"}},
{"type":"Feature","geometry":{"type":"Polygon","coordinates":[[[-47.78915,-15.79067],[-47.78815,-15.78908],[-47.78791,-15.79041],[-47.78719,-15.79087],[-47.78666,-15.79041],[-47.78581,-15.79075],[-47.78586,-15.79141],[-47.78542,-15.79356],[-47.78438,-15.79384],[-47.78473,-15.79457],[-47.78451,-15.79708],[-47.78392,-15.79786],[-47.78126,-15.79905],[-47.77814,-15.79922],[-47.77707,-15.79953],[-47.7763,-15.79932],[-47.77607,-15.79824],[-47.77653,-15.79776],[-47.77646,-15.79616],[-47.77581,-15.79578],[-47.77468,-15.79593],[-47.77388,-15.7966],[-47.77315,-15.79794],[-47.77194,-15.80151],[-47.77076,-15.80463],[-47.77062,-15.80567],[-47.77114,-15.80684],[-47.77266,-15.80825],[-47.77557,-15.81167],[-47.77742,-15.81356],[-47.77889,-15.81449],[-47.78186,-15.81573],[-47.77553,-15.81749],[-47.77403,-15.81805],[-47.76744,-15.81978],[-47.76816,-15.82105],[-47.76895,-15.82121],[-47.76951,-15.82209],[-47.77304,-15.82194],[-47.77292,-15.82301],[-47.77334,-15.82394],[-47.77234,-15.82582],[-47.77175,-15.82651],[-47.7706,-15.82685],[-47.77119,-15.82809],[-47.77241,-15.83146],[-47.77228,-15.83265],[-47.77175,-15.8344],[-47.77105,-15.8351],[-47.77016,-15.83547],[-47.76866,-15.83683],[-47.76821,-15.83674],[-47.7664,-15.83782],[-47.76574,-15.83844],[-47.76429,-15.8386],[-47.7633,-15.83932],[-47.76256,-15.83947],[-47.76153,-15.84052],[-47.76012,-15.84075],[-47.75938,-15.84195],[-47.75777,-15.8422],[-47.75727,-15.84309],[-47.75611,-15.84322],[-47.75591,-15.84383],[-47.75505,-15.84418],[-47.75473,-15.84503],[-47.75402,-15.84523],[-47.75324,-15.84636],[-47.7522,-15.847],[-47.75218,-15.84775],[-47.75074,-15.84848],[-47.74938,-15.85039],[-47.74847,-15.85095],[-47.74832,-15.85246],[-47.74693,-15.8521],[-47.74669,-15.85343],[-47.74558,-15.85357],[-47.74654,-15.85587],[-47.74651,-15.856],[-47.74735,-15.85807],[-47.74693,-15.85873],[-47.74726,-15.85959],[-47.74443,-15.86131],[-47.74422,-15.86217],[-47.74326,-15.86223],[-47.74344,-15.86348],[-47.74309,-15.86385],[-47.74348,-15.86555],[-47.74262,-15.86539],[-47.74174,-15.86638],[-47.74192,-15.86716],[-47.74144,-15.86885],[-47.74098,-15.86878],[-47.74104,-15.86991],[-47.74011,-15.86996],[-47.74013,-15.87069],[-47.73899,-15.8704],[-47.73765,-15.8705],[-47.73673,-15.87101],[-47.7367,-15.87172],[-47.7322,-15.87232],[-47.732,-15.87352],[-47.73086,-15.87313],[-47.73089,-15.87406],[-47.73015,-15.87436],[-47.72909,-15.87398],[-47.7284,-15.87458],[-47.72767,-15.87417],[-47.72725,-15.8752],[-47.72646,-15.87459],[-47.72534,-15.87446],[-47.72453,-15.87554],[-47.72411,-15.87556],[-47.72383,-15.87463],[-47.72249,-15.87549],[-47.72204,-15.8755],[-47.72225,-15.87655],[-47.72087,-15.87595],[-47.72039,-15.87676],[-47.71982,-15.87624],[-47.71954,-15.87735],[-47.71838,-15.87696],[-47.71736,-15.87754],[-47.71689,-15.87833],[-47.71634,-15.8772],[-47.71542,-15.87803],[-47.7144,-15.87798],[-47.71459,-15.8768],[-47.71363,-15.87604],[-47.71313,-15.87633],[-47.71284,-15.87549],[-47.71087,-15.87594],[-47.71003,-15.87493],[-47.7095,-15.87555],[-47.70976,-15.87738],[-47.70933,-15.87773],[-47.70856,-15.87727],[-47.70763,-15.87996],[-47.70796,-15.88077],[-47.70922,-15.88193],[-47.70944,-15.88375],[-47.71032,-15.88401],[-47.71039,-15.88462],[-47.70927,-15.8856],[-47.70979,-15.88628],[-47.71099,-15.8861],[-47.71165,-15.88651],[-47.71194,-15.88791],[-47.71142,-15.88836],[-47.71004,-15.88815],[-47.70815,-15.88974],[-47.7094,-15.89104],[-47.70929,-15.89186],[-47.70769,-15.8913],[-47.70679,-15.89163],[-47.70722,-15.89356],[-47.70699,-15.8942],[-47.70592,-15.89328],[-47.704,-15.89237],[-47.70305,-15.89544],[-47.70233,-15.89522],[-47.70161,-15.89427],[-47.70056,-15.89476],[-47.70046,-15.8953],[-47.70139,-15.89656],[-47.70253,-15.89729],[-47.70259,-15.89778],[-47.70129,-15.89742],[-47.69942,-15.89719],[-47.69897,-15.89753],[-47.69913,-15.8986],[-47.69989,-15.89973],[-47.69935,-15.90021],[-47.69815,-15.89925],[-47.69752,-15.89945],[-47.6976,-15.90179],[-47.6987,-15.90254],[-47.69851,-15.9036],[-47.6967,-15.90338],[-47.69634,-15.90361],[-47.69681,-15.90454],[-47.69681,-15.9054],[-47.6962,-15.9054],[-47.69411,-15.90458],[-47.69313,-15.90486],[-47.69415,-15.90651],[-47.69405,-15.90722],[-47.693,-15.90722],[-47.69169,-15.906],[-47.69222,-15.90487],[-47.69148,-15.90403],[-47.69119,-15.90572],[-47.68999,-15.90653],[-47.68944,-15.90862],[-47.68878,-15.90871],[-47.68842,-15.90783],[-47.68887,-15.90689],[-47.68872,-15.90609],[-47.68769,-15.90644],[-47.68687,-15.90904],[-47.68822,-15.91143],[-47.68711,-15.91178],[-47.68564,-15.91145],[-47.68511,-15.91077],[-47.68498,-15.90964],[-47.68408,-15.90964],[-47.68335,-15.9102],[-47.68217,-15.90988],[-47.68182,-15.91126],[-47.68059,-15.91125],[-47.68029,-15.91181],[-47.68078,-15.91275],[-47.68248,-15.91452],[-47.68447,-15.91446],[-47.68453,-15.91514],[-47.68304,-15.91541],[-47.68221,-15.91691],[-47.68264,-15.9188],[-47.68238,-15.9209],[-47.68146,-15.92136],[-47.68098,-15.9198],[-47.68124,-15.91888],[-47.68041,-15.91902],[-47.67923,-15.92143],[-47.6779,-15.92208],[-47.67732,-15.92355],[-47.67625,-15.92353],[-47.67529,-15.92432],[-47.67692,-15.92615],[-47.67726,-15.9286],[-47.67643,-15.93022],[-47.67449,-15.92812],[-47.67199,-15.92746],[-47.67173,-15.92885],[-47.67108,-15.92911],[-47.67006,-15.92885],[-47.67004,-15.92968],[-47.6711,-15.93047],[-47.66994,-15.93229],[-47.66881,-15.93338],[-47.66835,-15.93472],[-47.6696,-15.93693],[-47.6683,-15.93816],[-47.66857,-15.93923],[-47.66829,-15.94064],[-47.66852,-15.94176],[-47.66919,-15.94306],[-47.66877,-15.94333],[-47.66703,-15.94274],[-47.66638,-15.94304],[-47.6668,-15.94408],[-47.66753,-15.94471],[-47.66853,-15.94498],[-47.66869,-15.94617],[-47.66724,-15.94892],[-47.66686,-15.95002],[-47.66659,-15.95195],[-47.66588,-15.95264],[-47.66489,-15.95298],[-47.66383,-15.95246],[-47.66292,-15.95296],[-47.66255,-15.95395],[-47.66074,-15.95382],[-47.65996,-15.95425],[-47.65983,-15.95581],[-47.66146,-15.95662],[-47.66226,-15.9589],[-47.6633,-15.95888],[-47.66357,-15.95973],[-47.6629,-15.96129],[-47.66198,-15.96239],[-47.65929,-15.96367],[-47.65507,-15.96769],[-47.6533,-15.9688],[-47.6519,-15.96918],[-47.6503,-15.9692],[-47.64905,-15.96892],[-47.64699,-15.96768],[-47.64276,-15.9634],[-47.64188,-15.9628],[-47.63754,-15.96055],[-47.63671,-15.95988],[-47.63476,-15.95754],[-47.63258,-15.95566],[-47.63123,-15.9537],[-47.63085,-15.95219],[-47.63061,-15.94977],[-47.62982,-15.94805],[-47.62901,-15.94711],[-47.62611,-15.9449],[-47.61838,-15.93917],[-47.61735,-15.93864],[-47.61212,-15.93716],[-47.61085,-15.93688],[-47.60935,-15.93697],[-47.60729,-15.938],[-47.60643,-15.93901],[-47.58729,-15.96974],[-47.58764,-15.9703],[-47.58848,-15.97317],[-47.58944,-15.97484],[-47.59438,-15.98285],[-47.59612,-15.98542],[-47.59831,-15.98819],[-47.61385,-16.01332],[-47.61452,-16.0157],[-47.61733,-16.05034],[-47.31014,-16.04999],[-47.31136,-16.04167],[-47.31166,-16.04078],[-47.31169,-16.03926],[-47.3108,-16.03683],[-47.31094,-16.03627],[-47.31257,-16.03584],[-47.31452,-16.03572],[-47.31626,-16.03606],[-47.31798,-16.03597],[-47.31874,-16.03538],[-47.32006,-16.03232],[-47.32154,-16.03054],[-47.32301,-16.02968],[-47.32839,-16.0276],[-47.32898,-16.02594],[-47.33026,-16.02491],[-47.33064,-16.02326],[-47.33129,-16.0226],[-47.33335,-16.02197],[-47.33409,-16.02124],[-47.33609,-16.01991],[-47.33682,-16.01829],[-47.33773,-16.01829],[-47.33944,-16.01926],[-47.34064,-16.0192],[-47.34051,-16.01572],[-47.33982,-16.01461],[-47.33995,-16.01325],[-47.34068,-16.01272],[-47.34348,-16.01183],[-47.34465,-16.01175],[-47.346,-16.01069],[-47.3465,-16.00906],[-47.34852,-16.00747],[-47.34971,-16.00715],[-47.35113,-16.00715],[-47.35365,-16.00746],[-47.35542,-16.00801],[-47.35578,-16.00845],[-47.35725,-16.00876],[-47.3597,-16.00829],[-47.36031,-16.00774],[-47.36039,-16.00661],[-47.36183,-16.00659],[-47.36457,-16.00469],[-47.36513,-16.00378],[-47.36491,-16.00215],[-47.36545,-16.00151],[-47.36761,-16.0017],[-47.36911,-16.00248],[-47.37003,-16.00111],[-47.37048,-15.9995],[-47.37023,-15.99741],[-47.37062,-15.99529],[-47.37139,-15.99458],[-47.37268,-15.99432],[-47.3736,-15.9934],[-47.37438,-15.99053],[-47.37568,-15.98715],[-47.37634,-15.98618],[-47.37642,-15.98527],[-47.37585,-15.98425],[-47.37587,-15.98347],[-47.3765,-15.98257],[-47.37632,-15.98213],[-47.37374,-15.9812],[-47.37386,-15.97996],[-47.37434,-15.97971],[-47.37556,-15.98039],[-47.37641,-15.97828],[-47.37726,-15.97842],[-47.37892,-15.97789],[-47.3778,-15.97575],[-47.37772,-15.97495],[-47.37813,-15.97403],[-47.37895,-15.97367],[-47.37706,-15.97174],[-47.37737,-15.9709],[-47.37834,-15.97018],[-47.37922,-15.96831],[-47.37838,-15.96807],[-47.37704,-15.96894],[-47.37618,-15.96885],[-47.3762,-15.96763],[-47.37541,-15.96636],[-47.37684,-15.965],[-47.37752,-15.96291],[-47.37849,-15.96257],[-47.37843,-15.96202],[-47.37696,-15.96196],[-47.37601,-15.9615],[-47.37431,-15.96005],[-47.37346,-15.96027],[-47.373,-15.95907],[-47.37348,-15.95821],[-47.37439,-15.95854],[-47.37508,-15.95684],[-47.37479,-15.95633],[-47.37325,-15.95626],[-47.37183,-15.95581],[-47.37193,-15.95472],[-47.3724,-15.95355],[-47.37107,-15.95217],[-47.37057,-15.95073],[-47.37126,-15.94909],[-47.37085,-15.94839],[-47.37139,-15.94752],[-47.37141,-15.94667],[-47.37071,-15.94587],[-47.37066,-15.94692],[-47.37006,-15.94728],[-47.36872,-15.94731],[-47.36847,-15.94681],[-47.36928,-15.9462],[-47.37013,-15.94456],[-47.36992,-15.94297],[-47.37071,-15.94305],[-47.37054,-15.94194],[-47.36908,-15.9411],[-47.36967,-15.94064],[-47.37106,-15.94039],[-47.37184,-15.94082],[-47.37256,-15.9407],[-47.37257,-15.94001],[-47.37184,-15.93866],[-47.37096,-15.93879],[-47.37004,-15.93614],[-47.37108,-15.93605],[-47.37171,-15.9367],[-47.37268,-15.93848],[-47.37321,-15.93864],[-47.37359,-15.93733],[-47.37313,-15.93609],[-47.37216,-15.9353],[-47.37049,-15.93537],[-47.36894,-15.93509],[-47.36819,-15.93309],[-47.36693,-15.93304],[-47.36521,-15.93353],[-47.36505,-15.9331],[-47.36613,-15.93137],[-47.36597,-15.93076],[-47.3647,-15.93065],[-47.36492,-15.93129],[-47.36416,-15.9312],[-47.36299,-15.93191],[-47.36243,-15.93144],[-47.36435,-15.93033],[-47.36439,-15.92988],[-47.36211,-15.92928],[-47.36272,-15.92824],[-47.36188,-15.92713],[-47.36216,-15.92666],[-47.36122,-15.92582],[-47.36185,-15.92551],[-47.36232,-15.92445],[-47.36234,-15.92305],[-47.36192,-15.92218],[-47.36221,-15.92153],[-47.3639,-15.91983],[-47.36477,-15.91938],[-47.36627,-15.9211],[-47.36715,-15.92061],[-47.36734,-15.91983],[-47.36838,-15.91938],[-47.36919,-15.91859],[-47.36834,-15.91815],[-47.36837,-15.91757],[-47.36926,-15.91764],[-47.36805,-15.91659],[-47.36828,-15.91586],[-47.36787,-15.91471],[-47.36725,-15.91419],[-47.36625,-15.9127],[-47.36669,-15.91235],[-47.36789,-15.91238],[-47.36829,-15.91091],[-47.36717,-15.91164],[-47.36594,-15.91082],[-47.36671,-15.91048],[-47.36585,-15.91011],[-47.36574,-15.90918],[-47.36701,-15.90861],[-47.36725,-15.90805],[-47.36803,-15.90839],[-47.37091,-15.90787],[-47.37201,-15.90659],[-47.37318,-15.90642],[-47.37482,-15.90695],[-47.37402,-15.90529],[-47.3739,-15.90432],[-47.37239,-15.90013],[-47.37271,-15.89954],[-47.37484,-15.89929],[-47.37567,-15.8997],[-47.37576,-15.89831],[-47.37477,-15.89739],[-47.37739,-15.89631],[-47.37569,-15.89515],[-47.37644,-15.89414],[-47.37617,-15.89189],[-47.37662,-15.89127],[-47.37801,-15.89166],[-47.37723,-15.8895],[-47.37736,-15.88859],[-47.37697,-15.88814],[-47.37776,-15.88728],[-47.37789,-15.8882],[-47.37863,-15.88784],[-47.37901,-15.88668],[-47.3781,-15.88589],[-47.37812,-15.88502],[-47.37881,-15.88431],[-47.37707,-15.88334],[-47.37702,-15.88283],[-47.37833,-15.88193],[-47.38023,-15.88194],[-47.38069,-15.88136],[-47.38006,-15.88051],[-47.37937,-15.88049],[-47.37855,-15.88116],[-47.37771,-15.8806],[-47.37726,-15.8816],[-47.37653,-15.8812],[-47.3749,-15.8792],[-47.37497,-15.87793],[-47.37353,-15.87714],[-47.37392,-15.87628],[-47.37368,-15.87569],[-47.37215,-15.87441],[-47.37205,-15.8736],[-47.37388,-15.87286],[-47.37207,-15.87262],[-47.37151,-15.8709],[-47.37255,-15.87079],[-47.37331,-15.86924],[-47.37152,-15.86852],[-47.37125,-15.868],[-47.3716,-15.86703],[-47.37079,-15.86498],[-47.3719,-15.8654],[-47.37368,-15.86532],[-47.37441,-15.86426],[-47.37291,-15.86284],[-47.3715,-15.86241],[-47.36984,-15.86144],[-47.37067,-15.86017],[-47.37019,-15.85973],[-47.36937,-15.85733],[-47.36978,-15.8562],[-47.36963,-15.85542],[-47.3709,-15.85496],[-47.36873,-15.85403],[-47.3681,-15.85335],[-47.36793,-15.85193],[-47.36938,-15.85005],[-47.36888,-15.84877],[-47.37038,-15.84902],[-47.37116,-15.84877],[-47.37113,-15.84764],[-47.37019,-15.84722],[-47.36931,-15.84772],[-47.36878,-15.84679],[-47.36973,-15.84587],[-47.37082,-15.84585],[-47.37122,-15.8462],[-47.37308,-15.84594],[-47.37277,-15.84499],[-47.3737,-15.84458],[-47.37405,-15.84534],[-47.375,-15.84569],[-47.37544,-15.84545],[-47.37627,-15.84629],[-47.37633,-15.84578],[-47.37739,-15.84681],[-47.37746,-15.84614],[-47.37836,-15.84715],[-47.37899,-15.84705],[-47.37932,-15.84629],[-47.38011,-15.84708],[-47.38089,-15.84633],[-47.38086,-15.84579],[-47.38251,-15.84542],[-47.38234,-15.84656],[-47.38328,-15.84711],[-47.38351,-15.84664],[-47.38529,-15.84599],[-47.38584,-15.84767],[-47.38607,-15.84975],[-47.3871,-15.85687],[-47.38788,-15.85696],[-47.42171,-15.86393],[-47.42302,-15.86415],[-47.42573,-15.86385],[-47.43652,-15.8613],[-47.45177,-15.85781],[-47.4532,-15.85769],[-47.4546,-15.85786],[-47.45605,-15.85837],[-47.46259,-15.86231],[-47.46391,-15.86284],[-47.46547,-15.86313],[-47.4672,-15.86306],[-47.47205,-15.8621],[-47.4801,-15.86044],[-47.50589,-15.85529],[-47.51651,-15.85322],[-47.51857,-15.85319],[-47.52044,-15.85376],[-47.53081,-15.85933],[-47.55348,-15.87156],[-47.55541,-15.87227],[-47.55792,-15.87232],[-47.56761,-15.86941],[-47.60294,-15.85892],[-47.60416,-15.85878],[-47.60592,-15.85898],[-47.62105,-15.86305],[-47.62364,-15.85399],[-47.63149,-15.82636],[-47.63891,-15.80041],[-47.64171,-15.79054],[-47.64255,-15.78819],[-47.65612,-15.76408],[-47.66351,-15.751],[-47.66429,-15.74902],[-47.66448,-15.74781],[-47.66435,-15.74572],[-47.66073,-15.72852],[-47.66046,-15.72743],[-47.66179,-15.72707],[-47.66343,-15.72698],[-47.66502,-15.72746],[-47.6703,-15.73074],[-47.67351,-15.73386],[-47.67468,-15.73437],[-47.67578,-15.73424],[-47.67771,-15.7342],[-47.67916,-15.7352],[-47.68044,-15.73574],[-47.68642,-15.73584],[-47.68835,-15.73598],[-47.69074,-15.7367],[-47.70433,-15.74363],[-47.7076,-15.74588],[-47.7165,-15.75219],[-47.72944,-15.7613],[-47.73158,-15.76246],[-47.73304,-15.76292],[-47.73534,-15.76313],[-47.73775,-15.76273],[-47.73986,-15.76184],[-47.74675,-15.75762],[-47.7529,-15.75379],[-47.75494,-15.75269],[-47.75783,-15.75196],[-47.75973,-15.75201],[-47.76225,-15.75263],[-47.77451,-15.75709],[-47.78393,-15.76048],[-47.7866,-15.76134],[-47.78983,-15.76148],[-47.80741,-15.75874],[-47.81051,-15.75729],[-47.81187,-15.75743],[-47.81315,-15.75813],[-47.81175,-15.76007],[-47.80897,-15.76292],[-47.80851,-15.76447],[-47.80907,-15.76555],[-47.81218,-15.76871],[-47.81316,-15.77092],[-47.81319,-15.77201],[-47.81274,-15.77352],[-47.80876,-15.77988],[-47.80791,-15.78113],[-47.80613,-15.78294],[-47.80548,-15.78396],[-47.80486,-15.7862],[-47.80417,-15.78702],[-47.80256,-15.78738],[-47.80075,-15.78643],[-47.79946,-15.78506],[-47.79789,-15.78275],[-47.79627,-15.7816],[-47.79519,-15.78122],[-47.79363,-15.78104],[-47.78679,-15.78196],[-47.78778,-15.78532],[-47.78894,-15.78848],[-47.78915,-15.79067]]]},"properties":{"ra_nome":"PARANOÁ"}},
{"type":"Feature","geometry":{"type":"Polygon","coordinates":[[[-47.98976,-15.78727],[-47.99389,-15.78655],[-47.99733,-15.78623],[-47.99979,-15.78615],[-48.00302,-15.78625],[-48.00551,-15.78646],[-48.0089,-15.78696],[-48.01099,-15.78741],[-48.01134,-15.78592],[-48.01286,-15.78403],[-48.01523,-15.78262],[-48.01637,-15.78215],[-48.01845,-15.78291],[-48.01874,-15.7833],[-48.01966,-15.78258],[-48.02073,-15.7829],[-48.02237,-15.78243],[-48.02442,-15.78213],[-48.02662,-15.7825],[-48.02782,-15.78224],[-48.03085,-15.7825],[-48.03235,-15.78232],[-48.03565,-15.78352],[-48.03604,-15.78422],[-48.03909,-15.7851],[-48.03918,-15.78168],[-48.04192,-15.78217],[-48.03964,-15.77184],[-48.04192,-15.7714],[-48.04543,-15.77203],[-48.04551,-15.77241],[-48.04572,-15.77332],[-48.04633,-15.77539],[-48.04771,-15.77883],[-48.05139,-15.78723],[-48.05177,-15.78835],[-48.05346,-15.79225],[-48.05155,-15.79186],[-48.0523,-15.79285],[-48.05358,-15.79754],[-48.05435,-15.79894],[-48.05556,-15.80332],[-48.05622,-15.80423],[-48.05634,-15.80573],[-48.05431,-15.80707],[-48.05631,-15.8081],[-48.05497,-15.81138],[-48.05475,-15.81228],[-48.05486,-15.81419],[-48.05427,-15.81425],[-48.05391,-15.8171],[-48.05235,-15.82349],[-48.05149,-15.82583],[-48.05395,-15.827],[-48.05297,-15.82886],[-48.05138,-15.83004],[-48.05033,-15.83186],[-48.0371,-15.83009],[-48.03549,-15.82972],[-48.03396,-15.82911],[-48.01765,-15.81937],[-48.01506,-15.81823],[-48.00487,-15.81455],[-47.99592,-15.81126],[-47.99491,-15.81095],[-47.99287,-15.81098],[-47.99211,-15.80608],[-47.99123,-15.79952],[-47.99088,-15.79567],[-47.98976,-15.78727]]]},"properties":{"ra_nome":"VICENTE PIRES"}},
{"type":"Feature","geometry":{"type":"Polygon","coordinates":[[[-48.25851,-15.97724],[-48.2593,-15.97841],[-48.26043,-15.97873],[-48.26064,-15.97914],[-48.25987,-15.98025],[-48.25887,-15.98027],[-48.25843,-15.98132],[-48.25912,-15.98221],[-48.2582,-15.98339],[-48.25914,-15.98388],[-48.25955,-15.98468],[-48.26149,-15.98512],[-48.26204,-15.9862],[-48.2623,-15.98761],[-48.26285,-15.98888],[-48.26229,-15.98957],[-48.26155,-15.98945],[-48.26201,-15.99055],[-48.26297,-15.99191],[-48.26394,-15.99259],[-48.26255,-15.99459],[-48.26277,-15.99526],[-48.26405,-15.99634],[-48.26542,-15.99675],[-48.26537,-15.9979],[-48.26615,-15.99915],[-48.26614,-16.00099],[-48.26662,-16.00142],[-48.26722,-16.00103],[-48.26776,-16.00192],[-48.26873,-16.00227],[-48.27002,-16.0041],[-48.26971,-16.00503],[-48.27043,-16.00613],[-48.27112,-16.00798],[-48.27239,-16.00911],[-48.27141,-16.00967],[-48.2721,-16.0109],[-48.27226,-16.0129],[-48.27203,-16.01391],[-48.27121,-16.01448],[-48.27175,-16.01528],[-48.271,-16.01563],[-48.2701,-16.0167],[-48.26995,-16.01847],[-48.27061,-16.01993],[-48.26993,-16.02238],[-48.27111,-16.02358],[-48.27224,-16.0237],[-48.27233,-16.02468],[-48.27148,-16.02475],[-48.27127,-16.02527],[-48.27216,-16.02577],[-48.27142,-16.02698],[-48.27203,-16.02742],[-48.27235,-16.02901],[-48.27298,-16.03063],[-48.27185,-16.03176],[-48.27287,-16.03241],[-48.27312,-16.03307],[-48.27406,-16.03405],[-48.27409,-16.03485],[-48.2733,-16.03521],[-48.27354,-16.03581],[-48.2754,-16.03645],[-48.27714,-16.0391],[-48.27683,-16.04073],[-48.27704,-16.04118],[-48.27817,-16.04129],[-48.27852,-16.04222],[-48.27743,-16.04404],[-48.27866,-16.04492],[-48.27821,-16.0456],[-48.27773,-16.04715],[-48.27784,-16.04783],[-48.27722,-16.0496],[-48.0486,-16.05009],[-48.04296,-16.043],[-48.04712,-16.0374],[-48.04816,-16.03647],[-48.05001,-16.03589],[-48.05176,-16.03619],[-48.05405,-16.03747],[-48.05333,-16.03553],[-48.05166,-16.03323],[-48.05091,-16.03104],[-48.04951,-16.02987],[-48.04922,-16.02759],[-48.04806,-16.02703],[-48.04781,-16.02556],[-48.0465,-16.02398],[-48.04588,-16.02247],[-48.04568,-16.02105],[-48.04505,-16.02022],[-48.04366,-16.01949],[-48.04298,-16.01986],[-48.04198,-16.01963],[-48.04044,-16.0203],[-48.03864,-16.01903],[-48.03744,-16.01792],[-48.03643,-16.01744],[-48.03515,-16.01602],[-48.03457,-16.01591],[-48.03334,-16.01467],[-48.0324,-16.01429],[-48.03142,-16.01277],[-48.03094,-16.01256],[-48.02925,-16.01067],[-48.02819,-16.01021],[-48.02769,-16.00911],[-48.02648,-16.00848],[-48.02587,-16.00848],[-48.02406,-16.00716],[-48.02301,-16.00613],[-48.0215,-16.00514],[-48.02108,-16.00516],[-48.02073,-16.0041],[-48.01894,-16.00277],[-48.01798,-16.00262],[-48.01776,-16.0017],[-48.01499,-15.9995],[-48.01428,-15.9994],[-48.01345,-15.99864],[-48.01321,-15.99794],[-48.01153,-15.99705],[-48.01062,-15.99289],[-48.00929,-15.98994],[-48.00881,-15.9894],[-48.00705,-15.98609],[-48.00453,-15.97783],[-48.00809,-15.97682],[-48.01024,-15.97583],[-48.0131,-15.97407],[-48.01597,-15.97154],[-48.02072,-15.96614],[-48.02424,-15.96925],[-48.04317,-15.98624],[-48.04794,-15.9905],[-48.04901,-15.98973],[-48.05544,-15.99283],[-48.06624,-15.99332],[-48.06579,-15.99403],[-48.07559,-15.99759],[-48.0764,-15.99802],[-48.07718,-15.99909],[-48.07635,-15.99991],[-48.07704,-16.00012],[-48.07868,-16.00149],[-48.0794,-16.00138],[-48.08188,-16.0032],[-48.08317,-16.00382],[-48.08487,-16.00432],[-48.08614,-16.00438],[-48.08723,-16.00481],[-48.08846,-16.00466],[-48.09007,-16.0057],[-48.09067,-16.00559],[-48.09263,-16.00654],[-48.09365,-16.0075],[-48.0947,-16.00769],[-48.09664,-16.00845],[-48.09723,-16.00836],[-48.10061,-16.00976],[-48.10202,-16.00951],[-48.10227,-16.00975],[-48.10416,-16.00917],[-48.1051,-16.00835],[-48.10619,-16.00836],[-48.10798,-16.00723],[-48.10914,-16.00697],[-48.10926,-16.00658],[-48.1109,-16.00648],[-48.11022,-16.00487],[-48.1103,-16.00255],[-48.10948,-16.00233],[-48.1096,-16.00144],[-48.11101,-16.00067],[-48.1105,-16.00064],[-48.10996,-15.9996],[-48.11121,-15.99945],[-48.11172,-15.9978],[-48.11163,-15.99704],[-48.11232,-15.99728],[-48.11188,-15.99591],[-48.11315,-15.9961],[-48.11357,-15.99572],[-48.11336,-15.99489],[-48.11434,-15.99442],[-48.11336,-15.99387],[-48.11402,-15.99252],[-48.11466,-15.9921],[-48.11479,-15.99119],[-48.11436,-15.98951],[-48.11388,-15.98936],[-48.11457,-15.9882],[-48.11437,-15.98729],[-48.11539,-15.98705],[-48.11527,-15.98581],[-48.1148,-15.98518],[-48.11519,-15.98411],[-48.1159,-15.98417],[-48.11566,-15.98269],[-48.11651,-15.98148],[-48.11595,-15.97945],[-48.11706,-15.97885],[-48.11695,-15.97823],[-48.11741,-15.97694],[-48.118,-15.97622],[-48.11756,-15.97498],[-48.1185,-15.97388],[-48.11878,-15.97251],[-48.12048,-15.97005],[-48.12079,-15.96915],[-48.12199,-15.96881],[-48.12195,-15.96706],[-48.12257,-15.966],[-48.12401,-15.96592],[-48.12383,-15.96502],[-48.12317,-15.96474],[-48.12337,-15.96312],[-48.12289,-15.96296],[-48.12223,-15.96124],[-48.12276,-15.96053],[-48.122,-15.95996],[-48.12196,-15.95903],[-48.12256,-15.95906],[-48.12286,-15.95826],[-48.12254,-15.95653],[-48.12231,-15.95598],[-48.12223,-15.95586],[-48.12211,-15.95572],[-48.12208,-15.95568],[-48.1221,-15.95566],[-48.12254,-15.95423],[-48.12229,-15.95304],[-48.12393,-15.9502],[-48.12393,-15.94961],[-48.12578,-15.94744],[-48.12643,-15.94695],[-48.12696,-15.94401],[-48.12658,-15.94354],[-48.12669,-15.94221],[-48.1275,-15.94275],[-48.1285,-15.94248],[-48.13106,-15.94298],[-48.13339,-15.94486],[-48.13407,-15.94516],[-48.1358,-15.94521],[-48.13793,-15.94472],[-48.13948,-15.94396],[-48.14081,-15.94374],[-48.14188,-15.94324],[-48.14361,-15.9432],[-48.14418,-15.94295],[-48.14697,-15.94344],[-48.14841,-15.94455],[-48.15077,-15.94563],[-48.15157,-15.94635],[-48.15337,-15.94714],[-48.15357,-15.94394],[-48.15314,-15.93444],[-48.15328,-15.93387],[-48.15416,-15.93465],[-48.15564,-15.93699],[-48.15679,-15.93713],[-48.15883,-15.93874],[-48.16018,-15.94028],[-48.16108,-15.94267],[-48.16273,-15.94522],[-48.16299,-15.94666],[-48.16337,-15.94691],[-48.16637,-15.94678],[-48.17278,-15.94627],[-48.17301,-15.94708],[-48.1751,-15.94668],[-48.17624,-15.94627],[-48.17912,-15.94668],[-48.18172,-15.94594],[-48.18572,-15.94554],[-48.18707,-15.94573],[-48.18726,-15.94671],[-48.18694,-15.94871],[-48.18657,-15.94956],[-48.18703,-15.95263],[-48.18693,-15.95343],[-48.18841,-15.95615],[-48.18851,-15.95685],[-48.18979,-15.9586],[-48.1904,-15.95896],[-48.19103,-15.95998],[-48.19206,-15.96071],[-48.19189,-15.9614],[-48.1924,-15.96152],[-48.19235,-15.96314],[-48.19324,-15.96392],[-48.19384,-15.96381],[-48.19568,-15.96271],[-48.19858,-15.96398],[-48.19976,-15.96349],[-48.20027,-15.96248],[-48.20033,-15.96244],[-48.20233,-15.96329],[-48.20325,-15.96332],[-48.20472,-15.96425],[-48.20611,-15.96425],[-48.20686,-15.96472],[-48.20909,-15.96522],[-48.20936,-15.9649],[-48.21114,-15.96515],[-48.21231,-15.96621],[-48.21289,-15.96588],[-48.21406,-15.96611],[-48.21457,-15.96725],[-48.21607,-15.96756],[-48.21702,-15.96803],[-48.21694,-15.96841],[-48.21795,-15.96835],[-48.21787,-15.96896],[-48.21868,-15.9695],[-48.21912,-15.96905],[-48.21977,-15.96964],[-48.22064,-15.96943],[-48.22147,-15.97065],[-48.22257,-15.97037],[-48.22315,-15.97072],[-48.22371,-15.96979],[-48.22451,-15.96995],[-48.22457,-15.9707],[-48.22525,-15.97133],[-48.22609,-15.97088],[-48.22636,-15.97142],[-48.227,-15.97096],[-48.22852,-15.97124],[-48.22955,-15.97052],[-48.23254,-15.97196],[-48.2346,-15.97182],[-48.23507,-15.97217],[-48.23584,-15.97188],[-48.23701,-15.97238],[-48.23831,-15.97253],[-48.23842,-15.97181],[-48.23905,-15.97182],[-48.2396,-15.97101],[-48.24037,-15.97096],[-48.23995,-15.9717],[-48.24358,-15.97281],[-48.24446,-15.97332],[-48.2447,-15.97271],[-48.24609,-15.97232],[-48.24563,-15.97307],[-48.24685,-15.9744],[-48.24732,-15.97563],[-48.24906,-15.97552],[-48.25151,-15.9757],[-48.2516,-15.9761],[-48.25328,-15.97588],[-48.25389,-15.97724],[-48.2565,-15.9771],[-48.25797,-15.97772],[-48.25851,-15.97724]]]},"properties":{"ra_nome":"GAMA"}},
{"type":"Feature","geometry":{"type":"Polygon","coordinates":[[[-48.03822,-15.94543],[-48.03954,-15.94757],[-48.04074,-15.94919],[-48.04225,-15.95058],[-48.04393,-15.95165],[-48.04803,-15.95307],[-48.05089,-15.9533],[-48.05373,-15.95271],[-48.05553,-15.95184],[-48.06155,-15.94812],[-48.06218,-15.94796],[-48.07351,-15.94089],[-48.0753,-15.93972],[-48.07732,-15.93892],[-48.07835,-15.93875],[-48.08058,-15.93948],[-48.08268,-15.94168],[-48.08331,-15.94132],[-48.08774,-15.93786],[-48.09125,-15.93503],[-48.09215,-15.93352],[-48.09437,-15.93225],[-48.09583,-15.93288],[-48.09831,-15.93442],[-48.09888,-15.93522],[-48.09991,-15.93559],[-48.10113,-15.93682],[-48.10206,-15.93713],[-48.10353,-15.94035],[-48.10329,-15.94088],[-48.10388,-15.94205],[-48.10473,-15.94255],[-48.10552,-15.94438],[-48.10645,-15.9446],[-48.10731,-15.94666],[-48.10819,-15.94705],[-48.10911,-15.94861],[-48.11075,-15.94966],[-48.11147,-15.95083],[-48.11271,-15.95159],[-48.11396,-15.95108],[-48.11499,-15.95194],[-48.11601,-15.95214],[-48.11618,-15.95289],[-48.11761,-15.95277],[-48.11877,-15.95373],[-48.12007,-15.95368],[-48.12026,-15.95476],[-48.12114,-15.95471],[-48.12118,-15.95535],[-48.12205,-15.95571],[-48.12208,-15.95568],[-48.12211,-15.95572],[-48.12223,-15.95586],[-48.12231,-15.95598],[-48.12254,-15.95653],[-48.12286,-15.95826],[-48.12256,-15.95906],[-48.12196,-15.95903],[-48.122,-15.95996],[-48.12276,-15.96053],[-48.12223,-15.96124],[-48.12289,-15.96296],[-48.12337,-15.96312],[-48.12317,-15.96474],[-48.12383,-15.96502],[-48.12401,-15.96592],[-48.12257,-15.966],[-48.12195,-15.96706],[-48.12199,-15.96881],[-48.12079,-15.96915],[-48.12048,-15.97005],[-48.11878,-15.97251],[-48.1185,-15.97388],[-48.11756,-15.97498],[-48.118,-15.97622],[-48.11741,-15.97694],[-48.11695,-15.97823],[-48.11706,-15.97885],[-48.11595,-15.97945],[-48.11651,-15.98148],[-48.11566,-15.98269],[-48.1159,-15.98417],[-48.11519,-15.98411],[-48.1148,-15.98518],[-48.11527,-15.98581],[-48.11539,-15.98705],[-48.11437,-15.98729],[-48.11457,-15.9882],[-48.11388,-15.98936],[-48.11436,-15.98951],[-48.11479,-15.99119],[-48.11466,-15.9921],[-48.11402,-15.99252],[-48.11336,-15.99387],[-48.11434,-15.99442],[-48.11336,-15.99489],[-48.11357,-15.99572],[-48.11315,-15.9961],[-48.11188,-15.99591],[-48.11232,-15.99728],[-48.11163,-15.99704],[-48.11172,-15.9978],[-48.11121,-15.99945],[-48.10996,-15.9996],[-48.1105,-16.00064],[-48.11101,-16.00067],[-48.1096,-16.00144],[-48.10948,-16.00233],[-48.1103,-16.00255],[-48.11022,-16.00487],[-48.1109,-16.00648],[-48.10926,-16.00658],[-48.10914,-16.00697],[-48.10798,-16.00723],[-48.10619,-16.00836],[-48.1051,-16.00835],[-48.10416,-16.00917],[-48.10227,-16.00975],[-48.10202,-16.00951],[-48.10061,-16.00976],[-48.09723,-16.00836],[-48.09664,-16.00845],[-48.0947,-16.00769],[-48.09365,-16.0075],[-48.09263,-16.00654],[-48.09067,-16.00559],[-48.09007,-16.0057],[-48.08846,-16.00466],[-48.08723,-16.00481],[-48.08614,-16.00438],[-48.08487,-16.00432],[-48.08317,-16.00382],[-48.08188,-16.0032],[-48.0794,-16.00138],[-48.07868,-16.00149],[-48.07704,-16.00012],[-48.07635,-15.99991],[-48.07718,-15.99909],[-48.0764,-15.99802],[-48.07559,-15.99759],[-48.06579,-15.99403],[-48.06624,-15.99332],[-48.05544,-15.99283],[-48.04901,-15.98973],[-48.04794,-15.9905],[-48.04317,-15.98624],[-48.02424,-15.96925],[-48.02072,-15.96614],[-48.02259,-15.96387],[-48.03714,-15.94676],[-48.03822,-15.94543]]]},"properties":{"ra_nome":"PONTE ALTA"}},
{"type":"Feature","geometry":{"type":"Polygon","coordinates":[[[-48.04762,-15.75371],[-48.04661,-15.75618],[-48.04598,-15.75814],[-48.04528,-15.76123],[-48.04488,-15.76514],[-48.04487,-15.76747],[-48.04529,-15.77132],[-48.04543,-15.77203],[-48.04192,-15.7714],[-48.03964,-15.77184],[-48.04192,-15.78217],[-48.03918,-15.78168],[-48.03909,-15.7851],[-48.03604,-15.78422],[-48.03565,-15.78352],[-48.03235,-15.78232],[-48.03085,-15.7825],[-48.02782,-15.78224],[-48.02662,-15.7825],[-48.02442,-15.78213],[-48.02237,-15.78243],[-48.02073,-15.7829],[-48.01966,-15.78258],[-48.01874,-15.7833],[-48.01845,-15.78291],[-48.01637,-15.78215],[-48.01523,-15.78262],[-48.01286,-15.78403],[-48.01134,-15.78592],[-48.01099,-15.78741],[-48.0089,-15.78696],[-48.00551,-15.78646],[-48.00302,-15.78625],[-48.003,-15.78578],[-48.0042,-15.78434],[-48.00397,-15.78377],[-48.00489,-15.78129],[-48.00548,-15.78062],[-48.0061,-15.77841],[-48.00607,-15.77632],[-48.00661,-15.77595],[-48.00649,-15.77478],[-48.00674,-15.77346],[-48.00638,-15.77289],[-48.0062,-15.77008],[-48.00667,-15.76942],[-48.00677,-15.76843],[-48.00656,-15.76616],[-48.00727,-15.76491],[-48.00715,-15.7624],[-48.00663,-15.7617],[-48.00683,-15.76108],[-48.00616,-15.75919],[-48.00544,-15.75903],[-48.00511,-15.7583],[-48.00473,-15.75475],[-48.00691,-15.7539],[-48.01138,-15.7528],[-48.01719,-15.75156],[-48.04762,-15.75371]]]},"properties":{"ra_nome":"26 DE SETEMBRO"}}
]}